nohup: ignoring input
[21-Jul-24 16:08:00 - INFO] - bot - Bot Running..!

Created by 
https://t.me/CodeXBotz
[21-Jul-24 16:08:00 - INFO] - bot -  

       
░█████╗░░█████╗░██████╗░███████╗██╗░░██╗██████╗░░█████╗░████████╗███████╗
██╔══██╗██╔══██╗██╔══██╗██╔════╝╚██╗██╔╝██╔══██╗██╔══██╗╚══██╔══╝╚════██║
██║░░╚═╝██║░░██║██║░░██║█████╗░░░╚███╔╝░██████╦╝██║░░██║░░░██║░░░░░███╔═╝
██║░░██╗██║░░██║██║░░██║██╔══╝░░░██╔██╗░██╔══██╗██║░░██║░░░██║░░░██╔══╝░░
╚█████╔╝╚█████╔╝██████╔╝███████╗██╔╝╚██╗██████╦╝╚█████╔╝░░░██║░░░███████╗
░╚════╝░░╚════╝░╚═════╝░╚══════╝╚═╝░░╚═╝╚═════╝░░╚════╝░░░░╚═╝░░░╚══════╝
                                          
[22-Jul-24 04:37:19 - WARNING] - pyrogram.types.messages_and_media.message - Empty messages cannot be copied.
[22-Jul-24 04:37:19 - WARNING] - pyrogram.types.messages_and_media.message - Empty messages cannot be copied.
[22-Jul-24 09:44:08 - WARNING] - pyrogram.types.messages_and_media.message - Empty messages cannot be copied.
[22-Jul-24 09:44:14 - WARNING] - pyrogram.types.messages_and_media.message - Empty messages cannot be copied.
[22-Jul-24 14:43:35 - WARNING] - pyrogram.connection.connection - Unable to connect due to network issues: Connection timed out
[22-Jul-24 16:54:47 - WARNING] - pyrogram.types.messages_and_media.message - Empty messages cannot be copied.
[22-Jul-24 16:54:54 - WARNING] - pyrogram.types.messages_and_media.message - Empty messages cannot be copied.
[22-Jul-24 18:09:27 - WARNING] - pyrogram.types.messages_and_media.message - Empty messages cannot be copied.
[22-Jul-24 18:09:33 - WARNING] - pyrogram.types.messages_and_media.message - Empty messages cannot be copied.
[23-Jul-24 13:32:48 - WARNING] - pyrogram.types.messages_and_media.message - Empty messages cannot be copied.
[23-Jul-24 13:32:48 - WARNING] - pyrogram.types.messages_and_media.message - Empty messages cannot be copied.
[23-Jul-24 13:32:49 - WARNING] - pyrogram.types.messages_and_media.message - Empty messages cannot be copied.
[23-Jul-24 13:32:49 - WARNING] - pyrogram.types.messages_and_media.message - Empty messages cannot be copied.
[23-Jul-24 13:32:50 - WARNING] - pyrogram.types.messages_and_media.message - Empty messages cannot be copied.
[23-Jul-24 13:32:50 - WARNING] - pyrogram.types.messages_and_media.message - Empty messages cannot be copied.
[23-Jul-24 13:32:51 - WARNING] - pyrogram.types.messages_and_media.message - Empty messages cannot be copied.
[23-Jul-24 13:45:55 - WARNING] - pyrogram.types.messages_and_media.message - Empty messages cannot be copied.
[23-Jul-24 13:45:56 - WARNING] - pyrogram.types.messages_and_media.message - Empty messages cannot be copied.
[23-Jul-24 13:45:56 - WARNING] - pyrogram.types.messages_and_media.message - Empty messages cannot be copied.
[23-Jul-24 13:45:57 - WARNING] - pyrogram.types.messages_and_media.message - Empty messages cannot be copied.
[23-Jul-24 13:45:57 - WARNING] - pyrogram.types.messages_and_media.message - Empty messages cannot be copied.
[23-Jul-24 13:45:58 - WARNING] - pyrogram.types.messages_and_media.message - Empty messages cannot be copied.
[23-Jul-24 13:45:58 - WARNING] - pyrogram.types.messages_and_media.message - Empty messages cannot be copied.
[23-Jul-24 13:45:59 - WARNING] - pyrogram.types.messages_and_media.message - Empty messages cannot be copied.
[23-Jul-24 13:45:59 - WARNING] - pyrogram.types.messages_and_media.message - Empty messages cannot be copied.
[23-Jul-24 13:48:48 - WARNING] - pyrogram.types.messages_and_media.message - Empty messages cannot be copied.
[23-Jul-24 13:49:04 - WARNING] - pyrogram.types.messages_and_media.message - Empty messages cannot be copied.
[23-Jul-24 13:55:19 - WARNING] - pyrogram.types.messages_and_media.message - Empty messages cannot be copied.
[23-Jul-24 20:02:10 - WARNING] - pyrogram.types.messages_and_media.message - Empty messages cannot be copied.
[23-Jul-24 20:02:11 - WARNING] - pyrogram.types.messages_and_media.message - Empty messages cannot be copied.
[24-Jul-24 02:27:15 - WARNING] - pyrogram.types.messages_and_media.message - Empty messages cannot be copied.
[24-Jul-24 02:31:18 - WARNING] - pyrogram.types.messages_and_media.message - Empty messages cannot be copied.
[24-Jul-24 02:37:08 - WARNING] - pyrogram.types.messages_and_media.message - Empty messages cannot be copied.
[24-Jul-24 02:38:32 - WARNING] - pyrogram.types.messages_and_media.message - Empty messages cannot be copied.
[24-Jul-24 02:43:04 - WARNING] - pyrogram.types.messages_and_media.message - Empty messages cannot be copied.
[24-Jul-24 02:50:08 - WARNING] - pyrogram.types.messages_and_media.message - Empty messages cannot be copied.
[24-Jul-24 02:53:31 - WARNING] - pyrogram.types.messages_and_media.message - Empty messages cannot be copied.
[24-Jul-24 02:55:45 - WARNING] - pyrogram.types.messages_and_media.message - Empty messages cannot be copied.
[24-Jul-24 03:09:15 - WARNING] - pyrogram.types.messages_and_media.message - Empty messages cannot be copied.
[24-Jul-24 03:11:49 - WARNING] - pyrogram.types.messages_and_media.message - Empty messages cannot be copied.
[24-Jul-24 03:18:27 - WARNING] - pyrogram.types.messages_and_media.message - Empty messages cannot be copied.
[24-Jul-24 03:21:04 - WARNING] - pyrogram.types.messages_and_media.message - Empty messages cannot be copied.
[24-Jul-24 03:34:13 - WARNING] - pyrogram.types.messages_and_media.message - Empty messages cannot be copied.
[24-Jul-24 03:34:18 - WARNING] - pyrogram.types.messages_and_media.message - Empty messages cannot be copied.
[24-Jul-24 03:38:40 - WARNING] - pyrogram.types.messages_and_media.message - Empty messages cannot be copied.
[24-Jul-24 03:40:17 - WARNING] - pyrogram.types.messages_and_media.message - Empty messages cannot be copied.
[24-Jul-24 03:42:35 - WARNING] - pyrogram.types.messages_and_media.message - Empty messages cannot be copied.
[24-Jul-24 03:52:24 - WARNING] - pyrogram.types.messages_and_media.message - Empty messages cannot be copied.
[24-Jul-24 03:54:55 - WARNING] - pyrogram.types.messages_and_media.message - Empty messages cannot be copied.
[24-Jul-24 04:00:06 - WARNING] - pyrogram.types.messages_and_media.message - Empty messages cannot be copied.
[24-Jul-24 04:02:49 - WARNING] - pyrogram.types.messages_and_media.message - Empty messages cannot be copied.
[24-Jul-24 04:06:56 - WARNING] - pyrogram.types.messages_and_media.message - Empty messages cannot be copied.
[24-Jul-24 04:07:20 - WARNING] - pyrogram.types.messages_and_media.message - Empty messages cannot be copied.
[24-Jul-24 04:07:48 - WARNING] - pyrogram.types.messages_and_media.message - Empty messages cannot be copied.
[24-Jul-24 04:08:15 - WARNING] - pyrogram.types.messages_and_media.message - Empty messages cannot be copied.
[24-Jul-24 04:09:10 - WARNING] - pyrogram.types.messages_and_media.message - Empty messages cannot be copied.
[24-Jul-24 04:09:29 - WARNING] - pyrogram.types.messages_and_media.message - Empty messages cannot be copied.
[24-Jul-24 04:09:41 - WARNING] - pyrogram.types.messages_and_media.message - Empty messages cannot be copied.
[24-Jul-24 04:09:53 - WARNING] - pyrogram.types.messages_and_media.message - Empty messages cannot be copied.
[24-Jul-24 04:10:52 - WARNING] - pyrogram.types.messages_and_media.message - Empty messages cannot be copied.
[24-Jul-24 04:11:34 - WARNING] - pyrogram.types.messages_and_media.message - Empty messages cannot be copied.
[24-Jul-24 04:12:04 - WARNING] - pyrogram.types.messages_and_media.message - Empty messages cannot be copied.
[24-Jul-24 04:22:45 - WARNING] - pyrogram.types.messages_and_media.message - Empty messages cannot be copied.
[24-Jul-24 04:38:10 - WARNING] - pyrogram.types.messages_and_media.message - Empty messages cannot be copied.
[24-Jul-24 04:46:45 - WARNING] - pyrogram.types.messages_and_media.message - Empty messages cannot be copied.
[24-Jul-24 05:06:26 - WARNING] - pyrogram.types.messages_and_media.message - Empty messages cannot be copied.
[24-Jul-24 05:14:04 - WARNING] - pyrogram.types.messages_and_media.message - Empty messages cannot be copied.
[24-Jul-24 05:17:01 - WARNING] - pyrogram.types.messages_and_media.message - Empty messages cannot be copied.
[24-Jul-24 05:31:12 - WARNING] - pyrogram.types.messages_and_media.message - Empty messages cannot be copied.
[24-Jul-24 05:31:43 - WARNING] - pyrogram.types.messages_and_media.message - Empty messages cannot be copied.
[24-Jul-24 05:31:55 - WARNING] - pyrogram.types.messages_and_media.message - Empty messages cannot be copied.
[24-Jul-24 05:34:37 - WARNING] - pyrogram.types.messages_and_media.message - Empty messages cannot be copied.
[24-Jul-24 05:36:56 - WARNING] - pyrogram.types.messages_and_media.message - Empty messages cannot be copied.
[24-Jul-24 05:43:58 - WARNING] - pyrogram.types.messages_and_media.message - Empty messages cannot be copied.
[24-Jul-24 05:49:37 - WARNING] - pyrogram.types.messages_and_media.message - Empty messages cannot be copied.
[24-Jul-24 05:56:01 - WARNING] - pyrogram.types.messages_and_media.message - Empty messages cannot be copied.
[24-Jul-24 05:57:24 - WARNING] - pyrogram.types.messages_and_media.message - Empty messages cannot be copied.
[24-Jul-24 06:01:30 - WARNING] - pyrogram.types.messages_and_media.message - Empty messages cannot be copied.
[24-Jul-24 06:05:04 - WARNING] - pyrogram.types.messages_and_media.message - Empty messages cannot be copied.
[24-Jul-24 06:07:09 - WARNING] - pyrogram.types.messages_and_media.message - Empty messages cannot be copied.
[24-Jul-24 06:07:51 - WARNING] - pyrogram.types.messages_and_media.message - Empty messages cannot be copied.
[24-Jul-24 06:11:05 - WARNING] - pyrogram.types.messages_and_media.message - Empty messages cannot be copied.
[24-Jul-24 06:29:23 - WARNING] - pyrogram.types.messages_and_media.message - Empty messages cannot be copied.
[24-Jul-24 06:30:16 - WARNING] - pyrogram.types.messages_and_media.message - Empty messages cannot be copied.
[24-Jul-24 06:56:54 - WARNING] - pyrogram.types.messages_and_media.message - Empty messages cannot be copied.
[24-Jul-24 07:05:53 - WARNING] - pyrogram.types.messages_and_media.message - Empty messages cannot be copied.
[24-Jul-24 07:13:28 - WARNING] - pyrogram.types.messages_and_media.message - Empty messages cannot be copied.
[24-Jul-24 07:18:10 - WARNING] - pyrogram.types.messages_and_media.message - Empty messages cannot be copied.
[24-Jul-24 07:21:21 - WARNING] - pyrogram.types.messages_and_media.message - Empty messages cannot be copied.
[24-Jul-24 07:22:21 - WARNING] - pyrogram.types.messages_and_media.message - Empty messages cannot be copied.
[24-Jul-24 07:22:53 - WARNING] - pyrogram.types.messages_and_media.message - Empty messages cannot be copied.
[24-Jul-24 07:24:24 - WARNING] - pyrogram.types.messages_and_media.message - Empty messages cannot be copied.
[24-Jul-24 07:25:18 - WARNING] - pyrogram.types.messages_and_media.message - Empty messages cannot be copied.
[24-Jul-24 07:25:19 - WARNING] - pyrogram.types.messages_and_media.message - Empty messages cannot be copied.
[24-Jul-24 07:25:36 - WARNING] - pyrogram.types.messages_and_media.message - Empty messages cannot be copied.
[24-Jul-24 07:26:46 - WARNING] - pyrogram.types.messages_and_media.message - Empty messages cannot be copied.
[24-Jul-24 07:28:19 - WARNING] - pyrogram.types.messages_and_media.message - Empty messages cannot be copied.
[24-Jul-24 07:32:51 - WARNING] - pyrogram.types.messages_and_media.message - Empty messages cannot be copied.
[24-Jul-24 07:39:19 - WARNING] - pyrogram.types.messages_and_media.message - Empty messages cannot be copied.
[24-Jul-24 07:52:55 - WARNING] - pyrogram.types.messages_and_media.message - Empty messages cannot be copied.
[24-Jul-24 08:00:41 - WARNING] - pyrogram.types.messages_and_media.message - Empty messages cannot be copied.
[24-Jul-24 08:09:51 - WARNING] - pyrogram.types.messages_and_media.message - Empty messages cannot be copied.
[24-Jul-24 08:13:18 - WARNING] - pyrogram.types.messages_and_media.message - Empty messages cannot be copied.
[24-Jul-24 08:16:28 - WARNING] - pyrogram.types.messages_and_media.message - Empty messages cannot be copied.
[24-Jul-24 08:20:03 - WARNING] - pyrogram.types.messages_and_media.message - Empty messages cannot be copied.
[24-Jul-24 08:39:13 - WARNING] - pyrogram.types.messages_and_media.message - Empty messages cannot be copied.
[24-Jul-24 08:45:18 - WARNING] - pyrogram.types.messages_and_media.message - Empty messages cannot be copied.
[24-Jul-24 08:46:18 - WARNING] - pyrogram.types.messages_and_media.message - Empty messages cannot be copied.
[24-Jul-24 08:49:59 - WARNING] - pyrogram.types.messages_and_media.message - Empty messages cannot be copied.
[24-Jul-24 09:12:59 - WARNING] - pyrogram.types.messages_and_media.message - Empty messages cannot be copied.
[24-Jul-24 09:17:50 - WARNING] - pyrogram.types.messages_and_media.message - Empty messages cannot be copied.
[24-Jul-24 09:18:32 - WARNING] - pyrogram.types.messages_and_media.message - Empty messages cannot be copied.
[24-Jul-24 09:18:57 - WARNING] - pyrogram.types.messages_and_media.message - Empty messages cannot be copied.
[24-Jul-24 09:26:47 - WARNING] - pyrogram.types.messages_and_media.message - Empty messages cannot be copied.
[24-Jul-24 09:34:06 - WARNING] - pyrogram.types.messages_and_media.message - Empty messages cannot be copied.
[24-Jul-24 09:36:26 - WARNING] - pyrogram.types.messages_and_media.message - Empty messages cannot be copied.
[24-Jul-24 09:38:00 - WARNING] - pyrogram.types.messages_and_media.message - Empty messages cannot be copied.
[24-Jul-24 09:39:17 - WARNING] - pyrogram.types.messages_and_media.message - Empty messages cannot be copied.
[24-Jul-24 09:50:17 - WARNING] - pyrogram.types.messages_and_media.message - Empty messages cannot be copied.
[24-Jul-24 09:50:52 - WARNING] - pyrogram.types.messages_and_media.message - Empty messages cannot be copied.
[24-Jul-24 09:54:05 - WARNING] - pyrogram.types.messages_and_media.message - Empty messages cannot be copied.
[24-Jul-24 10:06:13 - WARNING] - pyrogram.types.messages_and_media.message - Empty messages cannot be copied.
[24-Jul-24 10:07:32 - WARNING] - pyrogram.types.messages_and_media.message - Empty messages cannot be copied.
[24-Jul-24 10:10:15 - WARNING] - pyrogram.types.messages_and_media.message - Empty messages cannot be copied.
[24-Jul-24 10:12:23 - WARNING] - pyrogram.types.messages_and_media.message - Empty messages cannot be copied.
[24-Jul-24 10:14:42 - WARNING] - pyrogram.types.messages_and_media.message - Empty messages cannot be copied.
[24-Jul-24 10:15:29 - WARNING] - pyrogram.types.messages_and_media.message - Empty messages cannot be copied.
[24-Jul-24 10:18:56 - WARNING] - pyrogram.types.messages_and_media.message - Empty messages cannot be copied.
[24-Jul-24 10:26:18 - WARNING] - pyrogram.types.messages_and_media.message - Empty messages cannot be copied.
[24-Jul-24 10:34:56 - WARNING] - pyrogram.types.messages_and_media.message - Empty messages cannot be copied.
[24-Jul-24 10:36:01 - WARNING] - pyrogram.types.messages_and_media.message - Empty messages cannot be copied.
[24-Jul-24 10:50:30 - WARNING] - pyrogram.types.messages_and_media.message - Empty messages cannot be copied.
[24-Jul-24 11:33:25 - WARNING] - pyrogram.types.messages_and_media.message - Empty messages cannot be copied.
[24-Jul-24 11:33:25 - WARNING] - pyrogram.types.messages_and_media.message - Empty messages cannot be copied.
[24-Jul-24 11:47:35 - WARNING] - pyrogram.types.messages_and_media.message - Empty messages cannot be copied.
[24-Jul-24 11:48:24 - WARNING] - pyrogram.types.messages_and_media.message - Empty messages cannot be copied.
[24-Jul-24 11:49:37 - WARNING] - pyrogram.types.messages_and_media.message - Empty messages cannot be copied.
[24-Jul-24 11:58:36 - WARNING] - pyrogram.types.messages_and_media.message - Empty messages cannot be copied.
[24-Jul-24 12:09:45 - WARNING] - pyrogram.types.messages_and_media.message - Empty messages cannot be copied.
[24-Jul-24 12:14:29 - WARNING] - pyrogram.types.messages_and_media.message - Empty messages cannot be copied.
[24-Jul-24 12:48:08 - WARNING] - pyrogram.types.messages_and_media.message - Empty messages cannot be copied.
[24-Jul-24 13:06:44 - WARNING] - pyrogram.types.messages_and_media.message - Empty messages cannot be copied.
[24-Jul-24 13:16:53 - WARNING] - pyrogram.types.messages_and_media.message - Empty messages cannot be copied.
[24-Jul-24 13:16:53 - WARNING] - pyrogram.types.messages_and_media.message - Empty messages cannot be copied.
[24-Jul-24 13:26:02 - WARNING] - pyrogram.types.messages_and_media.message - Empty messages cannot be copied.
[24-Jul-24 13:29:16 - WARNING] - pyrogram.types.messages_and_media.message - Empty messages cannot be copied.
[24-Jul-24 14:45:34 - WARNING] - pyrogram.types.messages_and_media.message - Empty messages cannot be copied.
[24-Jul-24 14:57:16 - WARNING] - pyrogram.types.messages_and_media.message - Empty messages cannot be copied.
[24-Jul-24 15:04:21 - WARNING] - pyrogram.types.messages_and_media.message - Empty messages cannot be copied.
[24-Jul-24 15:13:36 - WARNING] - pyrogram.types.messages_and_media.message - Empty messages cannot be copied.
[24-Jul-24 15:19:04 - WARNING] - pyrogram.types.messages_and_media.message - Empty messages cannot be copied.
[24-Jul-24 15:37:31 - WARNING] - pyrogram.types.messages_and_media.message - Empty messages cannot be copied.
[24-Jul-24 15:41:35 - WARNING] - pyrogram.types.messages_and_media.message - Empty messages cannot be copied.
[24-Jul-24 15:45:39 - WARNING] - pyrogram.types.messages_and_media.message - Empty messages cannot be copied.
[24-Jul-24 16:01:46 - WARNING] - pyrogram.types.messages_and_media.message - Empty messages cannot be copied.
[24-Jul-24 16:20:00 - WARNING] - pyrogram.types.messages_and_media.message - Empty messages cannot be copied.
[24-Jul-24 16:21:39 - WARNING] - pyrogram.types.messages_and_media.message - Empty messages cannot be copied.
[24-Jul-24 16:22:17 - WARNING] - pyrogram.types.messages_and_media.message - Empty messages cannot be copied.
[24-Jul-24 16:37:47 - WARNING] - pyrogram.types.messages_and_media.message - Empty messages cannot be copied.
[24-Jul-24 16:50:30 - WARNING] - pyrogram.types.messages_and_media.message - Empty messages cannot be copied.
[24-Jul-24 16:51:08 - WARNING] - pyrogram.types.messages_and_media.message - Empty messages cannot be copied.
[24-Jul-24 16:55:39 - WARNING] - pyrogram.types.messages_and_media.message - Empty messages cannot be copied.
[24-Jul-24 16:57:23 - WARNING] - pyrogram.types.messages_and_media.message - Empty messages cannot be copied.
[24-Jul-24 17:09:00 - WARNING] - pyrogram.types.messages_and_media.message - Empty messages cannot be copied.
[24-Jul-24 17:10:22 - WARNING] - pyrogram.types.messages_and_media.message - Empty messages cannot be copied.
[24-Jul-24 17:17:04 - WARNING] - pyrogram.types.messages_and_media.message - Empty messages cannot be copied.
[24-Jul-24 17:35:00 - WARNING] - pyrogram.types.messages_and_media.message - Empty messages cannot be copied.
[24-Jul-24 17:35:29 - WARNING] - pyrogram.types.messages_and_media.message - Empty messages cannot be copied.
[24-Jul-24 17:36:26 - WARNING] - pyrogram.types.messages_and_media.message - Empty messages cannot be copied.
[24-Jul-24 17:42:55 - WARNING] - pyrogram.types.messages_and_media.message - Empty messages cannot be copied.
[24-Jul-24 17:45:32 - WARNING] - pyrogram.types.messages_and_media.message - Empty messages cannot be copied.
[24-Jul-24 18:02:33 - WARNING] - pyrogram.types.messages_and_media.message - Empty messages cannot be copied.
[24-Jul-24 18:06:57 - WARNING] - pyrogram.types.messages_and_media.message - Empty messages cannot be copied.
[24-Jul-24 18:10:11 - WARNING] - pyrogram.types.messages_and_media.message - Empty messages cannot be copied.
[24-Jul-24 18:21:23 - WARNING] - pyrogram.types.messages_and_media.message - Empty messages cannot be copied.
[24-Jul-24 18:32:02 - WARNING] - pyrogram.types.messages_and_media.message - Empty messages cannot be copied.
[24-Jul-24 18:33:13 - WARNING] - pyrogram.types.messages_and_media.message - Empty messages cannot be copied.
[24-Jul-24 18:33:49 - WARNING] - pyrogram.types.messages_and_media.message - Empty messages cannot be copied.
[24-Jul-24 18:34:31 - WARNING] - pyrogram.types.messages_and_media.message - Empty messages cannot be copied.
[24-Jul-24 18:35:32 - WARNING] - pyrogram.types.messages_and_media.message - Empty messages cannot be copied.
[24-Jul-24 18:37:14 - WARNING] - pyrogram.types.messages_and_media.message - Empty messages cannot be copied.
[24-Jul-24 18:37:26 - WARNING] - pyrogram.types.messages_and_media.message - Empty messages cannot be copied.
[24-Jul-24 18:39:06 - WARNING] - pyrogram.types.messages_and_media.message - Empty messages cannot be copied.
[24-Jul-24 18:40:21 - WARNING] - pyrogram.types.messages_and_media.message - Empty messages cannot be copied.
[24-Jul-24 18:40:45 - WARNING] - pyrogram.types.messages_and_media.message - Empty messages cannot be copied.
[24-Jul-24 18:42:34 - WARNING] - pyrogram.types.messages_and_media.message - Empty messages cannot be copied.
[24-Jul-24 18:43:41 - WARNING] - pyrogram.types.messages_and_media.message - Empty messages cannot be copied.
[24-Jul-24 18:46:29 - WARNING] - pyrogram.types.messages_and_media.message - Empty messages cannot be copied.
[24-Jul-24 18:48:05 - WARNING] - pyrogram.types.messages_and_media.message - Empty messages cannot be copied.
[24-Jul-24 18:58:50 - WARNING] - pyrogram.types.messages_and_media.message - Empty messages cannot be copied.
[24-Jul-24 19:01:49 - WARNING] - pyrogram.types.messages_and_media.message - Empty messages cannot be copied.
[24-Jul-24 19:02:15 - WARNING] - pyrogram.types.messages_and_media.message - Empty messages cannot be copied.
[24-Jul-24 19:04:15 - WARNING] - pyrogram.types.messages_and_media.message - Empty messages cannot be copied.
[24-Jul-24 19:06:26 - WARNING] - pyrogram.types.messages_and_media.message - Empty messages cannot be copied.
[24-Jul-24 19:16:55 - WARNING] - pyrogram.types.messages_and_media.message - Empty messages cannot be copied.
[24-Jul-24 19:16:58 - WARNING] - pyrogram.types.messages_and_media.message - Empty messages cannot be copied.
[24-Jul-24 19:17:09 - WARNING] - pyrogram.types.messages_and_media.message - Empty messages cannot be copied.
[24-Jul-24 19:38:45 - WARNING] - pyrogram.types.messages_and_media.message - Empty messages cannot be copied.
[24-Jul-24 19:39:10 - WARNING] - pyrogram.types.messages_and_media.message - Empty messages cannot be copied.
[24-Jul-24 19:49:34 - WARNING] - pyrogram.types.messages_and_media.message - Empty messages cannot be copied.
[24-Jul-24 19:51:08 - WARNING] - pyrogram.types.messages_and_media.message - Empty messages cannot be copied.
[24-Jul-24 19:52:15 - WARNING] - pyrogram.types.messages_and_media.message - Empty messages cannot be copied.
[24-Jul-24 19:52:20 - WARNING] - pyrogram.types.messages_and_media.message - Empty messages cannot be copied.
[24-Jul-24 19:59:29 - WARNING] - pyrogram.types.messages_and_media.message - Empty messages cannot be copied.
[24-Jul-24 20:01:33 - WARNING] - pyrogram.types.messages_and_media.message - Empty messages cannot be copied.
[24-Jul-24 20:03:34 - WARNING] - pyrogram.types.messages_and_media.message - Empty messages cannot be copied.
[24-Jul-24 20:08:08 - WARNING] - pyrogram.types.messages_and_media.message - Empty messages cannot be copied.
[24-Jul-24 20:11:35 - WARNING] - pyrogram.types.messages_and_media.message - Empty messages cannot be copied.
[24-Jul-24 20:12:48 - WARNING] - pyrogram.types.messages_and_media.message - Empty messages cannot be copied.
[24-Jul-24 20:17:06 - WARNING] - pyrogram.types.messages_and_media.message - Empty messages cannot be copied.
[24-Jul-24 20:22:44 - WARNING] - pyrogram.types.messages_and_media.message - Empty messages cannot be copied.
[24-Jul-24 20:22:44 - WARNING] - pyrogram.types.messages_and_media.message - Empty messages cannot be copied.
[24-Jul-24 20:35:23 - WARNING] - pyrogram.types.messages_and_media.message - Empty messages cannot be copied.
[24-Jul-24 21:13:29 - WARNING] - pyrogram.types.messages_and_media.message - Empty messages cannot be copied.
[24-Jul-24 22:05:01 - WARNING] - pyrogram.types.messages_and_media.message - Empty messages cannot be copied.
[24-Jul-24 22:12:11 - WARNING] - pyrogram.types.messages_and_media.message - Empty messages cannot be copied.
[24-Jul-24 22:12:59 - WARNING] - pyrogram.types.messages_and_media.message - Empty messages cannot be copied.
[24-Jul-24 22:34:57 - WARNING] - pyrogram.types.messages_and_media.message - Empty messages cannot be copied.
[24-Jul-24 22:38:29 - WARNING] - pyrogram.types.messages_and_media.message - Empty messages cannot be copied.
[24-Jul-24 22:51:08 - WARNING] - pyrogram.types.messages_and_media.message - Empty messages cannot be copied.
[24-Jul-24 23:13:23 - WARNING] - pyrogram.types.messages_and_media.message - Empty messages cannot be copied.
[25-Jul-24 00:01:58 - WARNING] - pyrogram.types.messages_and_media.message - Empty messages cannot be copied.
[25-Jul-24 00:09:32 - WARNING] - pyrogram.types.messages_and_media.message - Empty messages cannot be copied.
[25-Jul-24 00:17:56 - WARNING] - pyrogram.types.messages_and_media.message - Empty messages cannot be copied.
[25-Jul-24 01:59:52 - WARNING] - pyrogram.types.messages_and_media.message - Empty messages cannot be copied.
[25-Jul-24 02:03:37 - WARNING] - pyrogram.types.messages_and_media.message - Empty messages cannot be copied.
[25-Jul-24 02:41:50 - WARNING] - pyrogram.types.messages_and_media.message - Empty messages cannot be copied.
[25-Jul-24 02:43:59 - WARNING] - pyrogram.types.messages_and_media.message - Empty messages cannot be copied.
[25-Jul-24 02:45:55 - WARNING] - pyrogram.types.messages_and_media.message - Empty messages cannot be copied.
[25-Jul-24 03:00:20 - WARNING] - pyrogram.types.messages_and_media.message - Empty messages cannot be copied.
[25-Jul-24 03:12:38 - WARNING] - pyrogram.types.messages_and_media.message - Empty messages cannot be copied.
[25-Jul-24 03:29:39 - WARNING] - pyrogram.types.messages_and_media.message - Empty messages cannot be copied.
[25-Jul-24 04:15:34 - WARNING] - pyrogram.types.messages_and_media.message - Empty messages cannot be copied.
[25-Jul-24 04:46:52 - WARNING] - pyrogram.types.messages_and_media.message - Empty messages cannot be copied.
[25-Jul-24 04:46:52 - WARNING] - pyrogram.types.messages_and_media.message - Empty messages cannot be copied.
[25-Jul-24 05:38:57 - WARNING] - pyrogram.types.messages_and_media.message - Empty messages cannot be copied.
[25-Jul-24 07:03:21 - WARNING] - pyrogram.types.messages_and_media.message - Empty messages cannot be copied.
[25-Jul-24 09:59:22 - WARNING] - pyrogram.types.messages_and_media.message - Empty messages cannot be copied.
[25-Jul-24 10:00:01 - WARNING] - pyrogram.types.messages_and_media.message - Empty messages cannot be copied.
[25-Jul-24 10:03:31 - WARNING] - pyrogram.types.messages_and_media.message - Empty messages cannot be copied.
[25-Jul-24 10:52:08 - WARNING] - pyrogram.types.messages_and_media.message - Empty messages cannot be copied.
[25-Jul-24 10:55:07 - WARNING] - pyrogram.types.messages_and_media.message - Empty messages cannot be copied.
[25-Jul-24 10:57:02 - WARNING] - pyrogram.types.messages_and_media.message - Empty messages cannot be copied.
[25-Jul-24 11:02:18 - WARNING] - pyrogram.types.messages_and_media.message - Empty messages cannot be copied.
[25-Jul-24 11:05:24 - WARNING] - pyrogram.types.messages_and_media.message - Empty messages cannot be copied.
[25-Jul-24 12:18:20 - WARNING] - pyrogram.types.messages_and_media.message - Empty messages cannot be copied.
[25-Jul-24 12:29:15 - WARNING] - pyrogram.types.messages_and_media.message - Empty messages cannot be copied.
[25-Jul-24 12:32:43 - WARNING] - pyrogram.types.messages_and_media.message - Empty messages cannot be copied.
[25-Jul-24 13:23:33 - WARNING] - pyrogram.types.messages_and_media.message - Empty messages cannot be copied.
[25-Jul-24 17:25:55 - WARNING] - pyrogram.types.messages_and_media.message - Empty messages cannot be copied.
[25-Jul-24 18:03:10 - WARNING] - pyrogram.types.messages_and_media.message - Empty messages cannot be copied.
[25-Jul-24 18:05:44 - WARNING] - pyrogram.types.messages_and_media.message - Empty messages cannot be copied.
[25-Jul-24 18:15:49 - WARNING] - pyrogram.types.messages_and_media.message - Empty messages cannot be copied.
[25-Jul-24 18:16:52 - WARNING] - pyrogram.types.messages_and_media.message - Empty messages cannot be copied.
[25-Jul-24 18:54:11 - WARNING] - pyrogram.types.messages_and_media.message - Empty messages cannot be copied.
[25-Jul-24 19:25:45 - WARNING] - pyrogram.types.messages_and_media.message - Empty messages cannot be copied.
[25-Jul-24 20:36:53 - WARNING] - pyrogram.types.messages_and_media.message - Empty messages cannot be copied.
[25-Jul-24 20:36:58 - WARNING] - pyrogram.types.messages_and_media.message - Empty messages cannot be copied.
[26-Jul-24 02:31:19 - WARNING] - pyrogram.types.messages_and_media.message - Empty messages cannot be copied.
[26-Jul-24 05:50:31 - WARNING] - pyrogram.types.messages_and_media.message - Empty messages cannot be copied.
[26-Jul-24 06:44:22 - WARNING] - pyrogram.types.messages_and_media.message - Empty messages cannot be copied.
[26-Jul-24 06:44:27 - WARNING] - pyrogram.types.messages_and_media.message - Empty messages cannot be copied.
[26-Jul-24 06:48:10 - WARNING] - pyrogram.types.messages_and_media.message - Empty messages cannot be copied.
[26-Jul-24 06:48:15 - WARNING] - pyrogram.types.messages_and_media.message - Empty messages cannot be copied.
[26-Jul-24 06:55:32 - WARNING] - pyrogram.types.messages_and_media.message - Empty messages cannot be copied.
[26-Jul-24 07:08:51 - WARNING] - pyrogram.types.messages_and_media.message - Empty messages cannot be copied.
[26-Jul-24 07:22:00 - WARNING] - pyrogram.types.messages_and_media.message - Empty messages cannot be copied.
[26-Jul-24 08:54:54 - WARNING] - pyrogram.types.messages_and_media.message - Empty messages cannot be copied.
[26-Jul-24 17:01:44 - WARNING] - pyrogram.types.messages_and_media.message - Empty messages cannot be copied.
[26-Jul-24 17:02:33 - WARNING] - pyrogram.types.messages_and_media.message - Empty messages cannot be copied.
[26-Jul-24 20:19:43 - WARNING] - pyrogram.types.messages_and_media.message - Empty messages cannot be copied.
[26-Jul-24 20:23:55 - WARNING] - pyrogram.types.messages_and_media.message - Empty messages cannot be copied.
[27-Jul-24 01:59:08 - WARNING] - pyrogram.types.messages_and_media.message - Empty messages cannot be copied.
[27-Jul-24 01:59:09 - WARNING] - pyrogram.types.messages_and_media.message - Empty messages cannot be copied.
[27-Jul-24 01:59:09 - WARNING] - pyrogram.types.messages_and_media.message - Empty messages cannot be copied.
[27-Jul-24 01:59:10 - WARNING] - pyrogram.types.messages_and_media.message - Empty messages cannot be copied.
[27-Jul-24 01:59:10 - WARNING] - pyrogram.types.messages_and_media.message - Empty messages cannot be copied.
[27-Jul-24 01:59:11 - WARNING] - pyrogram.types.messages_and_media.message - Empty messages cannot be copied.
[27-Jul-24 01:59:11 - WARNING] - pyrogram.types.messages_and_media.message - Empty messages cannot be copied.
[27-Jul-24 02:17:41 - WARNING] - pyrogram.types.messages_and_media.message - Empty messages cannot be copied.
[27-Jul-24 02:17:42 - WARNING] - pyrogram.types.messages_and_media.message - Empty messages cannot be copied.
[27-Jul-24 02:17:42 - WARNING] - pyrogram.types.messages_and_media.message - Empty messages cannot be copied.
[27-Jul-24 02:17:43 - WARNING] - pyrogram.types.messages_and_media.message - Empty messages cannot be copied.
[27-Jul-24 02:17:43 - WARNING] - pyrogram.types.messages_and_media.message - Empty messages cannot be copied.
[27-Jul-24 02:17:43 - WARNING] - pyrogram.types.messages_and_media.message - Empty messages cannot be copied.
[27-Jul-24 02:17:44 - WARNING] - pyrogram.types.messages_and_media.message - Empty messages cannot be copied.
[27-Jul-24 02:17:44 - WARNING] - pyrogram.types.messages_and_media.message - Empty messages cannot be copied.
[27-Jul-24 02:17:44 - WARNING] - pyrogram.types.messages_and_media.message - Empty messages cannot be copied.
[27-Jul-24 02:17:44 - WARNING] - pyrogram.types.messages_and_media.message - Empty messages cannot be copied.
[27-Jul-24 02:17:45 - WARNING] - pyrogram.types.messages_and_media.message - Empty messages cannot be copied.
[27-Jul-24 02:17:45 - WARNING] - pyrogram.types.messages_and_media.message - Empty messages cannot be copied.
[27-Jul-24 02:17:46 - WARNING] - pyrogram.types.messages_and_media.message - Empty messages cannot be copied.
[27-Jul-24 02:17:46 - WARNING] - pyrogram.types.messages_and_media.message - Empty messages cannot be copied.
[27-Jul-24 02:38:37 - WARNING] - pyrogram.types.messages_and_media.message - Empty messages cannot be copied.
[27-Jul-24 02:38:37 - WARNING] - pyrogram.types.messages_and_media.message - Empty messages cannot be copied.
[27-Jul-24 02:38:38 - WARNING] - pyrogram.types.messages_and_media.message - Empty messages cannot be copied.
[27-Jul-24 02:38:38 - WARNING] - pyrogram.types.messages_and_media.message - Empty messages cannot be copied.
[27-Jul-24 02:38:39 - WARNING] - pyrogram.types.messages_and_media.message - Empty messages cannot be copied.
[27-Jul-24 02:38:39 - WARNING] - pyrogram.types.messages_and_media.message - Empty messages cannot be copied.
[27-Jul-24 02:38:40 - WARNING] - pyrogram.types.messages_and_media.message - Empty messages cannot be copied.
[27-Jul-24 02:39:50 - WARNING] - pyrogram.types.messages_and_media.message - Empty messages cannot be copied.
[27-Jul-24 02:39:51 - WARNING] - pyrogram.types.messages_and_media.message - Empty messages cannot be copied.
[27-Jul-24 02:39:51 - WARNING] - pyrogram.types.messages_and_media.message - Empty messages cannot be copied.
[27-Jul-24 02:39:52 - WARNING] - pyrogram.types.messages_and_media.message - Empty messages cannot be copied.
[27-Jul-24 02:39:52 - WARNING] - pyrogram.types.messages_and_media.message - Empty messages cannot be copied.
[27-Jul-24 02:39:53 - WARNING] - pyrogram.types.messages_and_media.message - Empty messages cannot be copied.
[27-Jul-24 02:39:53 - WARNING] - pyrogram.types.messages_and_media.message - Empty messages cannot be copied.
[27-Jul-24 02:40:04 - WARNING] - pyrogram.types.messages_and_media.message - Empty messages cannot be copied.
[27-Jul-24 02:40:05 - WARNING] - pyrogram.types.messages_and_media.message - Empty messages cannot be copied.
[27-Jul-24 02:40:05 - WARNING] - pyrogram.types.messages_and_media.message - Empty messages cannot be copied.
[27-Jul-24 02:40:06 - WARNING] - pyrogram.types.messages_and_media.message - Empty messages cannot be copied.
[27-Jul-24 02:40:06 - WARNING] - pyrogram.types.messages_and_media.message - Empty messages cannot be copied.
[27-Jul-24 02:40:07 - WARNING] - pyrogram.types.messages_and_media.message - Empty messages cannot be copied.
[27-Jul-24 02:40:07 - WARNING] - pyrogram.types.messages_and_media.message - Empty messages cannot be copied.
[27-Jul-24 02:48:29 - WARNING] - pyrogram.types.messages_and_media.message - Empty messages cannot be copied.
[27-Jul-24 02:52:45 - WARNING] - pyrogram.types.messages_and_media.message - Empty messages cannot be copied.
[27-Jul-24 02:58:08 - WARNING] - pyrogram.types.messages_and_media.message - Empty messages cannot be copied.
[27-Jul-24 02:58:08 - WARNING] - pyrogram.types.messages_and_media.message - Empty messages cannot be copied.
[27-Jul-24 02:58:09 - WARNING] - pyrogram.types.messages_and_media.message - Empty messages cannot be copied.
[27-Jul-24 02:58:09 - WARNING] - pyrogram.types.messages_and_media.message - Empty messages cannot be copied.
[27-Jul-24 02:58:10 - WARNING] - pyrogram.types.messages_and_media.message - Empty messages cannot be copied.
[27-Jul-24 02:58:10 - WARNING] - pyrogram.types.messages_and_media.message - Empty messages cannot be copied.
[27-Jul-24 02:58:11 - WARNING] - pyrogram.types.messages_and_media.message - Empty messages cannot be copied.
[27-Jul-24 03:10:51 - WARNING] - pyrogram.types.messages_and_media.message - Empty messages cannot be copied.
[27-Jul-24 03:13:22 - WARNING] - pyrogram.types.messages_and_media.message - Empty messages cannot be copied.
[27-Jul-24 03:17:28 - WARNING] - pyrogram.types.messages_and_media.message - Empty messages cannot be copied.
[27-Jul-24 03:26:29 - WARNING] - pyrogram.types.messages_and_media.message - Empty messages cannot be copied.
[27-Jul-24 03:42:11 - WARNING] - pyrogram.types.messages_and_media.message - Empty messages cannot be copied.
[27-Jul-24 03:42:11 - WARNING] - pyrogram.types.messages_and_media.message - Empty messages cannot be copied.
[27-Jul-24 03:42:12 - WARNING] - pyrogram.types.messages_and_media.message - Empty messages cannot be copied.
[27-Jul-24 03:42:12 - WARNING] - pyrogram.types.messages_and_media.message - Empty messages cannot be copied.
[27-Jul-24 03:42:13 - WARNING] - pyrogram.types.messages_and_media.message - Empty messages cannot be copied.
[27-Jul-24 03:42:13 - WARNING] - pyrogram.types.messages_and_media.message - Empty messages cannot be copied.
[27-Jul-24 03:42:14 - WARNING] - pyrogram.types.messages_and_media.message - Empty messages cannot be copied.
[27-Jul-24 03:47:52 - WARNING] - pyrogram.types.messages_and_media.message - Empty messages cannot be copied.
[27-Jul-24 03:47:52 - WARNING] - pyrogram.types.messages_and_media.message - Empty messages cannot be copied.
[27-Jul-24 03:47:53 - WARNING] - pyrogram.types.messages_and_media.message - Empty messages cannot be copied.
[27-Jul-24 03:47:53 - WARNING] - pyrogram.types.messages_and_media.message - Empty messages cannot be copied.
[27-Jul-24 03:47:54 - WARNING] - pyrogram.types.messages_and_media.message - Empty messages cannot be copied.
[27-Jul-24 03:47:54 - WARNING] - pyrogram.types.messages_and_media.message - Empty messages cannot be copied.
[27-Jul-24 03:47:55 - WARNING] - pyrogram.types.messages_and_media.message - Empty messages cannot be copied.
[27-Jul-24 04:28:16 - WARNING] - pyrogram.types.messages_and_media.message - Empty messages cannot be copied.
[27-Jul-24 04:28:16 - WARNING] - pyrogram.types.messages_and_media.message - Empty messages cannot be copied.
[27-Jul-24 04:28:17 - WARNING] - pyrogram.types.messages_and_media.message - Empty messages cannot be copied.
[27-Jul-24 04:28:17 - WARNING] - pyrogram.types.messages_and_media.message - Empty messages cannot be copied.
[27-Jul-24 04:28:18 - WARNING] - pyrogram.types.messages_and_media.message - Empty messages cannot be copied.
[27-Jul-24 04:28:18 - WARNING] - pyrogram.types.messages_and_media.message - Empty messages cannot be copied.
[27-Jul-24 04:28:19 - WARNING] - pyrogram.types.messages_and_media.message - Empty messages cannot be copied.
[27-Jul-24 04:29:08 - WARNING] - pyrogram.types.messages_and_media.message - Empty messages cannot be copied.
[27-Jul-24 04:29:09 - WARNING] - pyrogram.types.messages_and_media.message - Empty messages cannot be copied.
[27-Jul-24 04:29:09 - WARNING] - pyrogram.types.messages_and_media.message - Empty messages cannot be copied.
[27-Jul-24 04:29:10 - WARNING] - pyrogram.types.messages_and_media.message - Empty messages cannot be copied.
[27-Jul-24 04:29:10 - WARNING] - pyrogram.types.messages_and_media.message - Empty messages cannot be copied.
[27-Jul-24 04:29:11 - WARNING] - pyrogram.types.messages_and_media.message - Empty messages cannot be copied.
[27-Jul-24 04:29:11 - WARNING] - pyrogram.types.messages_and_media.message - Empty messages cannot be copied.
[27-Jul-24 05:14:27 - WARNING] - pyrogram.types.messages_and_media.message - Empty messages cannot be copied.
[27-Jul-24 05:14:27 - WARNING] - pyrogram.types.messages_and_media.message - Empty messages cannot be copied.
[27-Jul-24 05:14:28 - WARNING] - pyrogram.types.messages_and_media.message - Empty messages cannot be copied.
[27-Jul-24 05:14:28 - WARNING] - pyrogram.types.messages_and_media.message - Empty messages cannot be copied.
[27-Jul-24 05:14:29 - WARNING] - pyrogram.types.messages_and_media.message - Empty messages cannot be copied.
[27-Jul-24 05:14:29 - WARNING] - pyrogram.types.messages_and_media.message - Empty messages cannot be copied.
[27-Jul-24 05:14:30 - WARNING] - pyrogram.types.messages_and_media.message - Empty messages cannot be copied.
[27-Jul-24 05:19:28 - WARNING] - pyrogram.types.messages_and_media.message - Empty messages cannot be copied.
[27-Jul-24 05:19:29 - WARNING] - pyrogram.types.messages_and_media.message - Empty messages cannot be copied.
[27-Jul-24 05:19:29 - WARNING] - pyrogram.types.messages_and_media.message - Empty messages cannot be copied.
[27-Jul-24 05:19:30 - WARNING] - pyrogram.types.messages_and_media.message - Empty messages cannot be copied.
[27-Jul-24 05:19:30 - WARNING] - pyrogram.types.messages_and_media.message - Empty messages cannot be copied.
[27-Jul-24 05:19:31 - WARNING] - pyrogram.types.messages_and_media.message - Empty messages cannot be copied.
[27-Jul-24 05:19:31 - WARNING] - pyrogram.types.messages_and_media.message - Empty messages cannot be copied.
[27-Jul-24 05:25:17 - WARNING] - pyrogram.types.messages_and_media.message - Empty messages cannot be copied.
[27-Jul-24 05:25:18 - WARNING] - pyrogram.types.messages_and_media.message - Empty messages cannot be copied.
[27-Jul-24 05:25:18 - WARNING] - pyrogram.types.messages_and_media.message - Empty messages cannot be copied.
[27-Jul-24 05:25:19 - WARNING] - pyrogram.types.messages_and_media.message - Empty messages cannot be copied.
[27-Jul-24 05:25:19 - WARNING] - pyrogram.types.messages_and_media.message - Empty messages cannot be copied.
[27-Jul-24 05:25:20 - WARNING] - pyrogram.types.messages_and_media.message - Empty messages cannot be copied.
[27-Jul-24 05:25:20 - WARNING] - pyrogram.types.messages_and_media.message - Empty messages cannot be copied.
[27-Jul-24 05:26:34 - WARNING] - pyrogram.types.messages_and_media.message - Empty messages cannot be copied.
[27-Jul-24 05:26:35 - WARNING] - pyrogram.types.messages_and_media.message - Empty messages cannot be copied.
[27-Jul-24 05:26:35 - WARNING] - pyrogram.types.messages_and_media.message - Empty messages cannot be copied.
[27-Jul-24 05:26:36 - WARNING] - pyrogram.types.messages_and_media.message - Empty messages cannot be copied.
[27-Jul-24 05:26:36 - WARNING] - pyrogram.types.messages_and_media.message - Empty messages cannot be copied.
[27-Jul-24 05:26:37 - WARNING] - pyrogram.types.messages_and_media.message - Empty messages cannot be copied.
[27-Jul-24 05:26:37 - WARNING] - pyrogram.types.messages_and_media.message - Empty messages cannot be copied.
[27-Jul-24 05:42:51 - WARNING] - pyrogram.types.messages_and_media.message - Empty messages cannot be copied.
[27-Jul-24 05:46:05 - WARNING] - pyrogram.types.messages_and_media.message - Empty messages cannot be copied.
[27-Jul-24 05:46:06 - WARNING] - pyrogram.types.messages_and_media.message - Empty messages cannot be copied.
[27-Jul-24 05:46:06 - WARNING] - pyrogram.types.messages_and_media.message - Empty messages cannot be copied.
[27-Jul-24 05:46:07 - WARNING] - pyrogram.types.messages_and_media.message - Empty messages cannot be copied.
[27-Jul-24 05:46:07 - WARNING] - pyrogram.types.messages_and_media.message - Empty messages cannot be copied.
[27-Jul-24 05:46:08 - WARNING] - pyrogram.types.messages_and_media.message - Empty messages cannot be copied.
[27-Jul-24 05:46:08 - WARNING] - pyrogram.types.messages_and_media.message - Empty messages cannot be copied.
[27-Jul-24 05:47:27 - WARNING] - pyrogram.types.messages_and_media.message - Empty messages cannot be copied.
[27-Jul-24 05:47:27 - WARNING] - pyrogram.types.messages_and_media.message - Empty messages cannot be copied.
[27-Jul-24 05:47:28 - WARNING] - pyrogram.types.messages_and_media.message - Empty messages cannot be copied.
[27-Jul-24 05:47:28 - WARNING] - pyrogram.types.messages_and_media.message - Empty messages cannot be copied.
[27-Jul-24 05:47:29 - WARNING] - pyrogram.types.messages_and_media.message - Empty messages cannot be copied.
[27-Jul-24 05:47:29 - WARNING] - pyrogram.types.messages_and_media.message - Empty messages cannot be copied.
[27-Jul-24 05:47:30 - WARNING] - pyrogram.types.messages_and_media.message - Empty messages cannot be copied.
[27-Jul-24 05:56:14 - WARNING] - pyrogram.types.messages_and_media.message - Empty messages cannot be copied.
[27-Jul-24 05:56:15 - WARNING] - pyrogram.types.messages_and_media.message - Empty messages cannot be copied.
[27-Jul-24 06:06:30 - WARNING] - pyrogram.types.messages_and_media.message - Empty messages cannot be copied.
[27-Jul-24 06:06:31 - WARNING] - pyrogram.types.messages_and_media.message - Empty messages cannot be copied.
[27-Jul-24 06:06:31 - WARNING] - pyrogram.types.messages_and_media.message - Empty messages cannot be copied.
[27-Jul-24 06:06:32 - WARNING] - pyrogram.types.messages_and_media.message - Empty messages cannot be copied.
[27-Jul-24 06:06:32 - WARNING] - pyrogram.types.messages_and_media.message - Empty messages cannot be copied.
[27-Jul-24 06:06:33 - WARNING] - pyrogram.types.messages_and_media.message - Empty messages cannot be copied.
[27-Jul-24 06:06:33 - WARNING] - pyrogram.types.messages_and_media.message - Empty messages cannot be copied.
[27-Jul-24 06:12:20 - WARNING] - pyrogram.types.messages_and_media.message - Empty messages cannot be copied.
[27-Jul-24 06:12:21 - WARNING] - pyrogram.types.messages_and_media.message - Empty messages cannot be copied.
[27-Jul-24 06:12:21 - WARNING] - pyrogram.types.messages_and_media.message - Empty messages cannot be copied.
[27-Jul-24 06:12:22 - WARNING] - pyrogram.types.messages_and_media.message - Empty messages cannot be copied.
[27-Jul-24 06:12:22 - WARNING] - pyrogram.types.messages_and_media.message - Empty messages cannot be copied.
[27-Jul-24 06:12:23 - WARNING] - pyrogram.types.messages_and_media.message - Empty messages cannot be copied.
[27-Jul-24 06:12:23 - WARNING] - pyrogram.types.messages_and_media.message - Empty messages cannot be copied.
[27-Jul-24 06:21:18 - WARNING] - pyrogram.types.messages_and_media.message - Empty messages cannot be copied.
[27-Jul-24 06:21:18 - WARNING] - pyrogram.types.messages_and_media.message - Empty messages cannot be copied.
[27-Jul-24 06:21:19 - WARNING] - pyrogram.types.messages_and_media.message - Empty messages cannot be copied.
[27-Jul-24 06:21:19 - WARNING] - pyrogram.types.messages_and_media.message - Empty messages cannot be copied.
[27-Jul-24 06:21:20 - WARNING] - pyrogram.types.messages_and_media.message - Empty messages cannot be copied.
[27-Jul-24 06:21:20 - WARNING] - pyrogram.types.messages_and_media.message - Empty messages cannot be copied.
[27-Jul-24 06:21:21 - WARNING] - pyrogram.types.messages_and_media.message - Empty messages cannot be copied.
[27-Jul-24 06:28:53 - WARNING] - pyrogram.types.messages_and_media.message - Empty messages cannot be copied.
[27-Jul-24 06:50:52 - WARNING] - pyrogram.types.messages_and_media.message - Empty messages cannot be copied.
[27-Jul-24 06:50:52 - WARNING] - pyrogram.types.messages_and_media.message - Empty messages cannot be copied.
[27-Jul-24 06:50:53 - WARNING] - pyrogram.types.messages_and_media.message - Empty messages cannot be copied.
[27-Jul-24 06:50:53 - WARNING] - pyrogram.types.messages_and_media.message - Empty messages cannot be copied.
[27-Jul-24 06:50:54 - WARNING] - pyrogram.types.messages_and_media.message - Empty messages cannot be copied.
[27-Jul-24 06:50:54 - WARNING] - pyrogram.types.messages_and_media.message - Empty messages cannot be copied.
[27-Jul-24 06:50:55 - WARNING] - pyrogram.types.messages_and_media.message - Empty messages cannot be copied.
[27-Jul-24 06:52:03 - WARNING] - pyrogram.types.messages_and_media.message - Empty messages cannot be copied.
[27-Jul-24 06:52:03 - WARNING] - pyrogram.types.messages_and_media.message - Empty messages cannot be copied.
[27-Jul-24 06:52:04 - WARNING] - pyrogram.types.messages_and_media.message - Empty messages cannot be copied.
[27-Jul-24 06:52:04 - WARNING] - pyrogram.types.messages_and_media.message - Empty messages cannot be copied.
[27-Jul-24 06:52:05 - WARNING] - pyrogram.types.messages_and_media.message - Empty messages cannot be copied.
[27-Jul-24 06:52:05 - WARNING] - pyrogram.types.messages_and_media.message - Empty messages cannot be copied.
[27-Jul-24 06:52:06 - WARNING] - pyrogram.types.messages_and_media.message - Empty messages cannot be copied.
[27-Jul-24 06:52:49 - WARNING] - pyrogram.types.messages_and_media.message - Empty messages cannot be copied.
[27-Jul-24 06:52:49 - WARNING] - pyrogram.types.messages_and_media.message - Empty messages cannot be copied.
[27-Jul-24 06:52:50 - WARNING] - pyrogram.types.messages_and_media.message - Empty messages cannot be copied.
[27-Jul-24 06:52:50 - WARNING] - pyrogram.types.messages_and_media.message - Empty messages cannot be copied.
[27-Jul-24 06:52:51 - WARNING] - pyrogram.types.messages_and_media.message - Empty messages cannot be copied.
[27-Jul-24 06:52:51 - WARNING] - pyrogram.types.messages_and_media.message - Empty messages cannot be copied.
[27-Jul-24 06:52:52 - WARNING] - pyrogram.types.messages_and_media.message - Empty messages cannot be copied.
[27-Jul-24 06:54:59 - WARNING] - pyrogram.types.messages_and_media.message - Empty messages cannot be copied.
[27-Jul-24 06:55:00 - WARNING] - pyrogram.types.messages_and_media.message - Empty messages cannot be copied.
[27-Jul-24 06:55:00 - WARNING] - pyrogram.types.messages_and_media.message - Empty messages cannot be copied.
[27-Jul-24 06:55:01 - WARNING] - pyrogram.types.messages_and_media.message - Empty messages cannot be copied.
[27-Jul-24 06:55:01 - WARNING] - pyrogram.types.messages_and_media.message - Empty messages cannot be copied.
[27-Jul-24 06:55:02 - WARNING] - pyrogram.types.messages_and_media.message - Empty messages cannot be copied.
[27-Jul-24 06:55:02 - WARNING] - pyrogram.types.messages_and_media.message - Empty messages cannot be copied.
[27-Jul-24 07:25:31 - WARNING] - pyrogram.types.messages_and_media.message - Empty messages cannot be copied.
[27-Jul-24 07:25:31 - WARNING] - pyrogram.types.messages_and_media.message - Empty messages cannot be copied.
[27-Jul-24 07:25:32 - WARNING] - pyrogram.types.messages_and_media.message - Empty messages cannot be copied.
[27-Jul-24 07:25:32 - WARNING] - pyrogram.types.messages_and_media.message - Empty messages cannot be copied.
[27-Jul-24 07:25:33 - WARNING] - pyrogram.types.messages_and_media.message - Empty messages cannot be copied.
[27-Jul-24 07:25:33 - WARNING] - pyrogram.types.messages_and_media.message - Empty messages cannot be copied.
[27-Jul-24 07:25:34 - WARNING] - pyrogram.types.messages_and_media.message - Empty messages cannot be copied.
[27-Jul-24 08:11:09 - WARNING] - pyrogram.types.messages_and_media.message - Empty messages cannot be copied.
[27-Jul-24 08:11:10 - WARNING] - pyrogram.types.messages_and_media.message - Empty messages cannot be copied.
[27-Jul-24 08:11:10 - WARNING] - pyrogram.types.messages_and_media.message - Empty messages cannot be copied.
[27-Jul-24 08:11:11 - WARNING] - pyrogram.types.messages_and_media.message - Empty messages cannot be copied.
[27-Jul-24 08:11:11 - WARNING] - pyrogram.types.messages_and_media.message - Empty messages cannot be copied.
[27-Jul-24 08:11:12 - WARNING] - pyrogram.types.messages_and_media.message - Empty messages cannot be copied.
[27-Jul-24 08:11:12 - WARNING] - pyrogram.types.messages_and_media.message - Empty messages cannot be copied.
[27-Jul-24 08:52:14 - WARNING] - pyrogram.types.messages_and_media.message - Empty messages cannot be copied.
[27-Jul-24 08:52:15 - WARNING] - pyrogram.types.messages_and_media.message - Empty messages cannot be copied.
[27-Jul-24 08:52:15 - WARNING] - pyrogram.types.messages_and_media.message - Empty messages cannot be copied.
[27-Jul-24 08:52:16 - WARNING] - pyrogram.types.messages_and_media.message - Empty messages cannot be copied.
[27-Jul-24 08:52:16 - WARNING] - pyrogram.types.messages_and_media.message - Empty messages cannot be copied.
[27-Jul-24 08:52:17 - WARNING] - pyrogram.types.messages_and_media.message - Empty messages cannot be copied.
[27-Jul-24 08:52:17 - WARNING] - pyrogram.types.messages_and_media.message - Empty messages cannot be copied.
[27-Jul-24 09:03:01 - WARNING] - pyrogram.types.messages_and_media.message - Empty messages cannot be copied.
[27-Jul-24 09:39:27 - WARNING] - pyrogram.types.messages_and_media.message - Empty messages cannot be copied.
[27-Jul-24 09:39:27 - WARNING] - pyrogram.types.messages_and_media.message - Empty messages cannot be copied.
[27-Jul-24 09:39:28 - WARNING] - pyrogram.types.messages_and_media.message - Empty messages cannot be copied.
[27-Jul-24 09:39:28 - WARNING] - pyrogram.types.messages_and_media.message - Empty messages cannot be copied.
[27-Jul-24 09:39:29 - WARNING] - pyrogram.types.messages_and_media.message - Empty messages cannot be copied.
[27-Jul-24 09:39:29 - WARNING] - pyrogram.types.messages_and_media.message - Empty messages cannot be copied.
[27-Jul-24 09:39:30 - WARNING] - pyrogram.types.messages_and_media.message - Empty messages cannot be copied.
[27-Jul-24 09:43:16 - WARNING] - pyrogram.types.messages_and_media.message - Empty messages cannot be copied.
[27-Jul-24 09:43:16 - WARNING] - pyrogram.types.messages_and_media.message - Empty messages cannot be copied.
[27-Jul-24 09:43:17 - WARNING] - pyrogram.types.messages_and_media.message - Empty messages cannot be copied.
[27-Jul-24 09:43:17 - WARNING] - pyrogram.types.messages_and_media.message - Empty messages cannot be copied.
[27-Jul-24 09:43:18 - WARNING] - pyrogram.types.messages_and_media.message - Empty messages cannot be copied.
[27-Jul-24 09:43:18 - WARNING] - pyrogram.types.messages_and_media.message - Empty messages cannot be copied.
[27-Jul-24 09:43:19 - WARNING] - pyrogram.types.messages_and_media.message - Empty messages cannot be copied.
[27-Jul-24 09:51:44 - WARNING] - pyrogram.types.messages_and_media.message - Empty messages cannot be copied.
[27-Jul-24 09:51:44 - WARNING] - pyrogram.types.messages_and_media.message - Empty messages cannot be copied.
[27-Jul-24 09:51:45 - WARNING] - pyrogram.types.messages_and_media.message - Empty messages cannot be copied.
[27-Jul-24 09:51:45 - WARNING] - pyrogram.types.messages_and_media.message - Empty messages cannot be copied.
[27-Jul-24 09:51:46 - WARNING] - pyrogram.types.messages_and_media.message - Empty messages cannot be copied.
[27-Jul-24 09:51:46 - WARNING] - pyrogram.types.messages_and_media.message - Empty messages cannot be copied.
[27-Jul-24 09:51:47 - WARNING] - pyrogram.types.messages_and_media.message - Empty messages cannot be copied.
[27-Jul-24 10:54:34 - WARNING] - pyrogram.types.messages_and_media.message - Empty messages cannot be copied.
[27-Jul-24 10:54:35 - WARNING] - pyrogram.types.messages_and_media.message - Empty messages cannot be copied.
[27-Jul-24 10:54:35 - WARNING] - pyrogram.types.messages_and_media.message - Empty messages cannot be copied.
[27-Jul-24 10:54:36 - WARNING] - pyrogram.types.messages_and_media.message - Empty messages cannot be copied.
[27-Jul-24 10:54:36 - WARNING] - pyrogram.types.messages_and_media.message - Empty messages cannot be copied.
[27-Jul-24 10:54:37 - WARNING] - pyrogram.types.messages_and_media.message - Empty messages cannot be copied.
[27-Jul-24 10:54:37 - WARNING] - pyrogram.types.messages_and_media.message - Empty messages cannot be copied.
[27-Jul-24 11:11:33 - WARNING] - pyrogram.types.messages_and_media.message - Empty messages cannot be copied.
[27-Jul-24 11:12:19 - WARNING] - pyrogram.types.messages_and_media.message - Empty messages cannot be copied.
[27-Jul-24 11:20:33 - WARNING] - pyrogram.types.messages_and_media.message - Empty messages cannot be copied.
[27-Jul-24 11:20:33 - WARNING] - pyrogram.types.messages_and_media.message - Empty messages cannot be copied.
[27-Jul-24 11:20:34 - WARNING] - pyrogram.types.messages_and_media.message - Empty messages cannot be copied.
[27-Jul-24 11:20:34 - WARNING] - pyrogram.types.messages_and_media.message - Empty messages cannot be copied.
[27-Jul-24 11:20:35 - WARNING] - pyrogram.types.messages_and_media.message - Empty messages cannot be copied.
[27-Jul-24 11:20:35 - WARNING] - pyrogram.types.messages_and_media.message - Empty messages cannot be copied.
[27-Jul-24 11:20:36 - WARNING] - pyrogram.types.messages_and_media.message - Empty messages cannot be copied.
[27-Jul-24 11:41:23 - WARNING] - pyrogram.types.messages_and_media.message - Empty messages cannot be copied.
[27-Jul-24 11:43:31 - WARNING] - pyrogram.types.messages_and_media.message - Empty messages cannot be copied.
[27-Jul-24 11:47:04 - WARNING] - pyrogram.types.messages_and_media.message - Empty messages cannot be copied.
[27-Jul-24 11:47:05 - WARNING] - pyrogram.types.messages_and_media.message - Empty messages cannot be copied.
[27-Jul-24 11:47:05 - WARNING] - pyrogram.types.messages_and_media.message - Empty messages cannot be copied.
[27-Jul-24 11:47:06 - WARNING] - pyrogram.types.messages_and_media.message - Empty messages cannot be copied.
[27-Jul-24 11:47:06 - WARNING] - pyrogram.types.messages_and_media.message - Empty messages cannot be copied.
[27-Jul-24 11:47:07 - WARNING] - pyrogram.types.messages_and_media.message - Empty messages cannot be copied.
[27-Jul-24 11:47:07 - WARNING] - pyrogram.types.messages_and_media.message - Empty messages cannot be copied.
[27-Jul-24 11:57:07 - WARNING] - pyrogram.types.messages_and_media.message - Empty messages cannot be copied.
[27-Jul-24 11:57:07 - WARNING] - pyrogram.types.messages_and_media.message - Empty messages cannot be copied.
[27-Jul-24 11:57:08 - WARNING] - pyrogram.types.messages_and_media.message - Empty messages cannot be copied.
[27-Jul-24 11:57:08 - WARNING] - pyrogram.types.messages_and_media.message - Empty messages cannot be copied.
[27-Jul-24 11:57:09 - WARNING] - pyrogram.types.messages_and_media.message - Empty messages cannot be copied.
[27-Jul-24 11:57:09 - WARNING] - pyrogram.types.messages_and_media.message - Empty messages cannot be copied.
[27-Jul-24 11:57:10 - WARNING] - pyrogram.types.messages_and_media.message - Empty messages cannot be copied.
[27-Jul-24 12:00:53 - WARNING] - pyrogram.types.messages_and_media.message - Empty messages cannot be copied.
[27-Jul-24 12:00:53 - WARNING] - pyrogram.types.messages_and_media.message - Empty messages cannot be copied.
[27-Jul-24 12:00:54 - WARNING] - pyrogram.types.messages_and_media.message - Empty messages cannot be copied.
[27-Jul-24 12:00:54 - WARNING] - pyrogram.types.messages_and_media.message - Empty messages cannot be copied.
[27-Jul-24 12:00:55 - WARNING] - pyrogram.types.messages_and_media.message - Empty messages cannot be copied.
[27-Jul-24 12:00:55 - WARNING] - pyrogram.types.messages_and_media.message - Empty messages cannot be copied.
[27-Jul-24 12:00:56 - WARNING] - pyrogram.types.messages_and_media.message - Empty messages cannot be copied.
[27-Jul-24 12:06:08 - WARNING] - pyrogram.types.messages_and_media.message - Empty messages cannot be copied.
[27-Jul-24 12:06:08 - WARNING] - pyrogram.types.messages_and_media.message - Empty messages cannot be copied.
[27-Jul-24 12:06:09 - WARNING] - pyrogram.types.messages_and_media.message - Empty messages cannot be copied.
[27-Jul-24 12:06:09 - WARNING] - pyrogram.types.messages_and_media.message - Empty messages cannot be copied.
[27-Jul-24 12:06:10 - WARNING] - pyrogram.types.messages_and_media.message - Empty messages cannot be copied.
[27-Jul-24 12:06:10 - WARNING] - pyrogram.types.messages_and_media.message - Empty messages cannot be copied.
[27-Jul-24 12:06:11 - WARNING] - pyrogram.types.messages_and_media.message - Empty messages cannot be copied.
[27-Jul-24 12:20:55 - WARNING] - pyrogram.types.messages_and_media.message - Empty messages cannot be copied.
[27-Jul-24 12:20:55 - WARNING] - pyrogram.types.messages_and_media.message - Empty messages cannot be copied.
[27-Jul-24 12:20:56 - WARNING] - pyrogram.types.messages_and_media.message - Empty messages cannot be copied.
[27-Jul-24 12:20:56 - WARNING] - pyrogram.types.messages_and_media.message - Empty messages cannot be copied.
[27-Jul-24 12:20:57 - WARNING] - pyrogram.types.messages_and_media.message - Empty messages cannot be copied.
[27-Jul-24 12:20:57 - WARNING] - pyrogram.types.messages_and_media.message - Empty messages cannot be copied.
[27-Jul-24 12:20:58 - WARNING] - pyrogram.types.messages_and_media.message - Empty messages cannot be copied.
[27-Jul-24 12:21:37 - WARNING] - pyrogram.types.messages_and_media.message - Empty messages cannot be copied.
[27-Jul-24 12:21:37 - WARNING] - pyrogram.types.messages_and_media.message - Empty messages cannot be copied.
[27-Jul-24 12:21:38 - WARNING] - pyrogram.types.messages_and_media.message - Empty messages cannot be copied.
[27-Jul-24 12:21:38 - WARNING] - pyrogram.types.messages_and_media.message - Empty messages cannot be copied.
[27-Jul-24 12:21:39 - WARNING] - pyrogram.types.messages_and_media.message - Empty messages cannot be copied.
[27-Jul-24 12:21:39 - WARNING] - pyrogram.types.messages_and_media.message - Empty messages cannot be copied.
[27-Jul-24 12:21:40 - WARNING] - pyrogram.types.messages_and_media.message - Empty messages cannot be copied.
[27-Jul-24 12:22:56 - WARNING] - pyrogram.types.messages_and_media.message - Empty messages cannot be copied.
[27-Jul-24 12:22:56 - WARNING] - pyrogram.types.messages_and_media.message - Empty messages cannot be copied.
[27-Jul-24 12:22:57 - WARNING] - pyrogram.types.messages_and_media.message - Empty messages cannot be copied.
[27-Jul-24 12:22:57 - WARNING] - pyrogram.types.messages_and_media.message - Empty messages cannot be copied.
[27-Jul-24 12:22:58 - WARNING] - pyrogram.types.messages_and_media.message - Empty messages cannot be copied.
[27-Jul-24 12:22:58 - WARNING] - pyrogram.types.messages_and_media.message - Empty messages cannot be copied.
[27-Jul-24 12:22:59 - WARNING] - pyrogram.types.messages_and_media.message - Empty messages cannot be copied.
[27-Jul-24 12:27:59 - WARNING] - pyrogram.types.messages_and_media.message - Empty messages cannot be copied.
[27-Jul-24 12:31:53 - WARNING] - pyrogram.types.messages_and_media.message - Empty messages cannot be copied.
[27-Jul-24 12:52:53 - WARNING] - pyrogram.types.messages_and_media.message - Empty messages cannot be copied.
[27-Jul-24 12:52:54 - WARNING] - pyrogram.types.messages_and_media.message - Empty messages cannot be copied.
[27-Jul-24 12:52:54 - WARNING] - pyrogram.types.messages_and_media.message - Empty messages cannot be copied.
[27-Jul-24 12:52:55 - WARNING] - pyrogram.types.messages_and_media.message - Empty messages cannot be copied.
[27-Jul-24 12:52:55 - WARNING] - pyrogram.types.messages_and_media.message - Empty messages cannot be copied.
[27-Jul-24 12:52:56 - WARNING] - pyrogram.types.messages_and_media.message - Empty messages cannot be copied.
[27-Jul-24 12:52:56 - WARNING] - pyrogram.types.messages_and_media.message - Empty messages cannot be copied.
[27-Jul-24 13:22:07 - WARNING] - pyrogram.types.messages_and_media.message - Empty messages cannot be copied.
[27-Jul-24 13:22:08 - WARNING] - pyrogram.types.messages_and_media.message - Empty messages cannot be copied.
[27-Jul-24 13:22:08 - WARNING] - pyrogram.types.messages_and_media.message - Empty messages cannot be copied.
[27-Jul-24 13:22:09 - WARNING] - pyrogram.types.messages_and_media.message - Empty messages cannot be copied.
[27-Jul-24 13:22:09 - WARNING] - pyrogram.types.messages_and_media.message - Empty messages cannot be copied.
[27-Jul-24 13:22:10 - WARNING] - pyrogram.types.messages_and_media.message - Empty messages cannot be copied.
[27-Jul-24 13:22:10 - WARNING] - pyrogram.types.messages_and_media.message - Empty messages cannot be copied.
[27-Jul-24 13:40:57 - WARNING] - pyrogram.types.messages_and_media.message - Empty messages cannot be copied.
[27-Jul-24 13:40:58 - WARNING] - pyrogram.types.messages_and_media.message - Empty messages cannot be copied.
[27-Jul-24 13:40:58 - WARNING] - pyrogram.types.messages_and_media.message - Empty messages cannot be copied.
[27-Jul-24 13:40:59 - WARNING] - pyrogram.types.messages_and_media.message - Empty messages cannot be copied.
[27-Jul-24 13:40:59 - WARNING] - pyrogram.types.messages_and_media.message - Empty messages cannot be copied.
[27-Jul-24 13:41:00 - WARNING] - pyrogram.types.messages_and_media.message - Empty messages cannot be copied.
[27-Jul-24 13:41:00 - WARNING] - pyrogram.types.messages_and_media.message - Empty messages cannot be copied.
[27-Jul-24 13:45:21 - WARNING] - pyrogram.types.messages_and_media.message - Empty messages cannot be copied.
[27-Jul-24 13:45:22 - WARNING] - pyrogram.types.messages_and_media.message - Empty messages cannot be copied.
[27-Jul-24 13:45:22 - WARNING] - pyrogram.types.messages_and_media.message - Empty messages cannot be copied.
[27-Jul-24 13:45:23 - WARNING] - pyrogram.types.messages_and_media.message - Empty messages cannot be copied.
[27-Jul-24 13:45:23 - WARNING] - pyrogram.types.messages_and_media.message - Empty messages cannot be copied.
[27-Jul-24 13:45:24 - WARNING] - pyrogram.types.messages_and_media.message - Empty messages cannot be copied.
[27-Jul-24 13:45:24 - WARNING] - pyrogram.types.messages_and_media.message - Empty messages cannot be copied.
[27-Jul-24 13:45:35 - WARNING] - pyrogram.types.messages_and_media.message - Empty messages cannot be copied.
[27-Jul-24 13:52:59 - WARNING] - pyrogram.types.messages_and_media.message - Empty messages cannot be copied.
[27-Jul-24 13:53:00 - WARNING] - pyrogram.types.messages_and_media.message - Empty messages cannot be copied.
[27-Jul-24 13:53:00 - WARNING] - pyrogram.types.messages_and_media.message - Empty messages cannot be copied.
[27-Jul-24 13:53:01 - WARNING] - pyrogram.types.messages_and_media.message - Empty messages cannot be copied.
[27-Jul-24 13:53:01 - WARNING] - pyrogram.types.messages_and_media.message - Empty messages cannot be copied.
[27-Jul-24 13:53:02 - WARNING] - pyrogram.types.messages_and_media.message - Empty messages cannot be copied.
[27-Jul-24 13:53:02 - WARNING] - pyrogram.types.messages_and_media.message - Empty messages cannot be copied.
[27-Jul-24 14:04:08 - WARNING] - pyrogram.types.messages_and_media.message - Empty messages cannot be copied.
[27-Jul-24 14:06:57 - WARNING] - pyrogram.types.messages_and_media.message - Empty messages cannot be copied.
[27-Jul-24 14:06:58 - WARNING] - pyrogram.types.messages_and_media.message - Empty messages cannot be copied.
[27-Jul-24 14:06:58 - WARNING] - pyrogram.types.messages_and_media.message - Empty messages cannot be copied.
[27-Jul-24 14:06:59 - WARNING] - pyrogram.types.messages_and_media.message - Empty messages cannot be copied.
[27-Jul-24 14:06:59 - WARNING] - pyrogram.types.messages_and_media.message - Empty messages cannot be copied.
[27-Jul-24 14:07:00 - WARNING] - pyrogram.types.messages_and_media.message - Empty messages cannot be copied.
[27-Jul-24 14:07:00 - WARNING] - pyrogram.types.messages_and_media.message - Empty messages cannot be copied.
[27-Jul-24 14:32:31 - WARNING] - pyrogram.types.messages_and_media.message - Empty messages cannot be copied.
[27-Jul-24 14:32:32 - WARNING] - pyrogram.types.messages_and_media.message - Empty messages cannot be copied.
[27-Jul-24 14:32:32 - WARNING] - pyrogram.types.messages_and_media.message - Empty messages cannot be copied.
[27-Jul-24 14:32:33 - WARNING] - pyrogram.types.messages_and_media.message - Empty messages cannot be copied.
[27-Jul-24 14:32:33 - WARNING] - pyrogram.types.messages_and_media.message - Empty messages cannot be copied.
[27-Jul-24 14:32:34 - WARNING] - pyrogram.types.messages_and_media.message - Empty messages cannot be copied.
[27-Jul-24 14:32:34 - WARNING] - pyrogram.types.messages_and_media.message - Empty messages cannot be copied.
[27-Jul-24 16:05:04 - WARNING] - pyrogram.types.messages_and_media.message - Empty messages cannot be copied.
[27-Jul-24 16:05:04 - WARNING] - pyrogram.types.messages_and_media.message - Empty messages cannot be copied.
[27-Jul-24 16:05:05 - WARNING] - pyrogram.types.messages_and_media.message - Empty messages cannot be copied.
[27-Jul-24 16:05:05 - WARNING] - pyrogram.types.messages_and_media.message - Empty messages cannot be copied.
[27-Jul-24 16:05:06 - WARNING] - pyrogram.types.messages_and_media.message - Empty messages cannot be copied.
[27-Jul-24 16:05:06 - WARNING] - pyrogram.types.messages_and_media.message - Empty messages cannot be copied.
[27-Jul-24 16:05:07 - WARNING] - pyrogram.types.messages_and_media.message - Empty messages cannot be copied.
[27-Jul-24 16:36:43 - WARNING] - pyrogram.types.messages_and_media.message - Empty messages cannot be copied.
[27-Jul-24 16:36:43 - WARNING] - pyrogram.types.messages_and_media.message - Empty messages cannot be copied.
[27-Jul-24 16:36:44 - WARNING] - pyrogram.types.messages_and_media.message - Empty messages cannot be copied.
[27-Jul-24 16:36:44 - WARNING] - pyrogram.types.messages_and_media.message - Empty messages cannot be copied.
[27-Jul-24 16:36:45 - WARNING] - pyrogram.types.messages_and_media.message - Empty messages cannot be copied.
[27-Jul-24 16:36:45 - WARNING] - pyrogram.types.messages_and_media.message - Empty messages cannot be copied.
[27-Jul-24 16:36:46 - WARNING] - pyrogram.types.messages_and_media.message - Empty messages cannot be copied.
[27-Jul-24 17:07:14 - WARNING] - pyrogram.types.messages_and_media.message - Empty messages cannot be copied.
[27-Jul-24 17:07:15 - WARNING] - pyrogram.types.messages_and_media.message - Empty messages cannot be copied.
[27-Jul-24 17:07:15 - WARNING] - pyrogram.types.messages_and_media.message - Empty messages cannot be copied.
[27-Jul-24 17:07:16 - WARNING] - pyrogram.types.messages_and_media.message - Empty messages cannot be copied.
[27-Jul-24 17:07:16 - WARNING] - pyrogram.types.messages_and_media.message - Empty messages cannot be copied.
[27-Jul-24 17:07:17 - WARNING] - pyrogram.types.messages_and_media.message - Empty messages cannot be copied.
[27-Jul-24 17:07:17 - WARNING] - pyrogram.types.messages_and_media.message - Empty messages cannot be copied.
[27-Jul-24 17:15:41 - WARNING] - pyrogram.types.messages_and_media.message - Empty messages cannot be copied.
[27-Jul-24 17:15:41 - WARNING] - pyrogram.types.messages_and_media.message - Empty messages cannot be copied.
[27-Jul-24 17:15:42 - WARNING] - pyrogram.types.messages_and_media.message - Empty messages cannot be copied.
[27-Jul-24 17:15:42 - WARNING] - pyrogram.types.messages_and_media.message - Empty messages cannot be copied.
[27-Jul-24 17:15:43 - WARNING] - pyrogram.types.messages_and_media.message - Empty messages cannot be copied.
[27-Jul-24 17:15:43 - WARNING] - pyrogram.types.messages_and_media.message - Empty messages cannot be copied.
[27-Jul-24 17:15:44 - WARNING] - pyrogram.types.messages_and_media.message - Empty messages cannot be copied.
[27-Jul-24 17:21:03 - WARNING] - pyrogram.types.messages_and_media.message - Empty messages cannot be copied.
[27-Jul-24 17:21:03 - WARNING] - pyrogram.types.messages_and_media.message - Empty messages cannot be copied.
[27-Jul-24 17:21:03 - WARNING] - pyrogram.types.messages_and_media.message - Empty messages cannot be copied.
[27-Jul-24 17:21:03 - WARNING] - pyrogram.types.messages_and_media.message - Empty messages cannot be copied.
[27-Jul-24 17:21:04 - WARNING] - pyrogram.types.messages_and_media.message - Empty messages cannot be copied.
[27-Jul-24 17:21:04 - WARNING] - pyrogram.types.messages_and_media.message - Empty messages cannot be copied.
[27-Jul-24 17:21:04 - WARNING] - pyrogram.types.messages_and_media.message - Empty messages cannot be copied.
[27-Jul-24 17:21:04 - WARNING] - pyrogram.types.messages_and_media.message - Empty messages cannot be copied.
[27-Jul-24 17:21:05 - WARNING] - pyrogram.types.messages_and_media.message - Empty messages cannot be copied.
[27-Jul-24 17:21:05 - WARNING] - pyrogram.types.messages_and_media.message - Empty messages cannot be copied.
[27-Jul-24 17:21:05 - WARNING] - pyrogram.types.messages_and_media.message - Empty messages cannot be copied.
[27-Jul-24 17:21:05 - WARNING] - pyrogram.types.messages_and_media.message - Empty messages cannot be copied.
[27-Jul-24 17:21:06 - WARNING] - pyrogram.types.messages_and_media.message - Empty messages cannot be copied.
[27-Jul-24 17:21:06 - WARNING] - pyrogram.types.messages_and_media.message - Empty messages cannot be copied.
[27-Jul-24 17:21:08 - WARNING] - pyrogram.types.messages_and_media.message - Empty messages cannot be copied.
[27-Jul-24 17:21:09 - WARNING] - pyrogram.types.messages_and_media.message - Empty messages cannot be copied.
[27-Jul-24 17:21:09 - WARNING] - pyrogram.types.messages_and_media.message - Empty messages cannot be copied.
[27-Jul-24 17:21:10 - WARNING] - pyrogram.types.messages_and_media.message - Empty messages cannot be copied.
[27-Jul-24 17:21:10 - WARNING] - pyrogram.types.messages_and_media.message - Empty messages cannot be copied.
[27-Jul-24 17:21:11 - WARNING] - pyrogram.types.messages_and_media.message - Empty messages cannot be copied.
[27-Jul-24 17:21:11 - WARNING] - pyrogram.types.messages_and_media.message - Empty messages cannot be copied.
[27-Jul-24 17:31:44 - WARNING] - pyrogram.types.messages_and_media.message - Empty messages cannot be copied.
[27-Jul-24 17:31:44 - WARNING] - pyrogram.types.messages_and_media.message - Empty messages cannot be copied.
[27-Jul-24 17:31:45 - WARNING] - pyrogram.types.messages_and_media.message - Empty messages cannot be copied.
[27-Jul-24 17:31:45 - WARNING] - pyrogram.types.messages_and_media.message - Empty messages cannot be copied.
[27-Jul-24 17:31:46 - WARNING] - pyrogram.types.messages_and_media.message - Empty messages cannot be copied.
[27-Jul-24 17:31:46 - WARNING] - pyrogram.types.messages_and_media.message - Empty messages cannot be copied.
[27-Jul-24 17:31:47 - WARNING] - pyrogram.types.messages_and_media.message - Empty messages cannot be copied.
[27-Jul-24 17:33:43 - WARNING] - pyrogram.types.messages_and_media.message - Empty messages cannot be copied.
[27-Jul-24 17:33:43 - WARNING] - pyrogram.types.messages_and_media.message - Empty messages cannot be copied.
[27-Jul-24 17:33:44 - WARNING] - pyrogram.types.messages_and_media.message - Empty messages cannot be copied.
[27-Jul-24 17:33:44 - WARNING] - pyrogram.types.messages_and_media.message - Empty messages cannot be copied.
[27-Jul-24 17:33:45 - WARNING] - pyrogram.types.messages_and_media.message - Empty messages cannot be copied.
[27-Jul-24 17:33:45 - WARNING] - pyrogram.types.messages_and_media.message - Empty messages cannot be copied.
[27-Jul-24 17:33:46 - WARNING] - pyrogram.types.messages_and_media.message - Empty messages cannot be copied.
[27-Jul-24 17:51:36 - WARNING] - pyrogram.types.messages_and_media.message - Empty messages cannot be copied.
[27-Jul-24 17:51:37 - WARNING] - pyrogram.types.messages_and_media.message - Empty messages cannot be copied.
[27-Jul-24 17:51:37 - WARNING] - pyrogram.types.messages_and_media.message - Empty messages cannot be copied.
[27-Jul-24 17:51:38 - WARNING] - pyrogram.types.messages_and_media.message - Empty messages cannot be copied.
[27-Jul-24 17:51:38 - WARNING] - pyrogram.types.messages_and_media.message - Empty messages cannot be copied.
[27-Jul-24 17:51:39 - WARNING] - pyrogram.types.messages_and_media.message - Empty messages cannot be copied.
[27-Jul-24 17:51:39 - WARNING] - pyrogram.types.messages_and_media.message - Empty messages cannot be copied.
[27-Jul-24 18:15:19 - WARNING] - pyrogram.types.messages_and_media.message - Empty messages cannot be copied.
[27-Jul-24 18:15:19 - WARNING] - pyrogram.types.messages_and_media.message - Empty messages cannot be copied.
[27-Jul-24 18:15:20 - WARNING] - pyrogram.types.messages_and_media.message - Empty messages cannot be copied.
[27-Jul-24 18:15:20 - WARNING] - pyrogram.types.messages_and_media.message - Empty messages cannot be copied.
[27-Jul-24 18:15:21 - WARNING] - pyrogram.types.messages_and_media.message - Empty messages cannot be copied.
[27-Jul-24 18:15:21 - WARNING] - pyrogram.types.messages_and_media.message - Empty messages cannot be copied.
[27-Jul-24 18:15:22 - WARNING] - pyrogram.types.messages_and_media.message - Empty messages cannot be copied.
[27-Jul-24 18:22:13 - WARNING] - pyrogram.types.messages_and_media.message - Empty messages cannot be copied.
[27-Jul-24 18:22:14 - WARNING] - pyrogram.types.messages_and_media.message - Empty messages cannot be copied.
[27-Jul-24 18:22:14 - WARNING] - pyrogram.types.messages_and_media.message - Empty messages cannot be copied.
[27-Jul-24 18:22:15 - WARNING] - pyrogram.types.messages_and_media.message - Empty messages cannot be copied.
[27-Jul-24 18:22:15 - WARNING] - pyrogram.types.messages_and_media.message - Empty messages cannot be copied.
[27-Jul-24 18:22:16 - WARNING] - pyrogram.types.messages_and_media.message - Empty messages cannot be copied.
[27-Jul-24 18:22:16 - WARNING] - pyrogram.types.messages_and_media.message - Empty messages cannot be copied.
[27-Jul-24 18:25:28 - WARNING] - pyrogram.types.messages_and_media.message - Empty messages cannot be copied.
[27-Jul-24 18:25:29 - WARNING] - pyrogram.types.messages_and_media.message - Empty messages cannot be copied.
[27-Jul-24 18:25:29 - WARNING] - pyrogram.types.messages_and_media.message - Empty messages cannot be copied.
[27-Jul-24 18:25:30 - WARNING] - pyrogram.types.messages_and_media.message - Empty messages cannot be copied.
[27-Jul-24 18:25:30 - WARNING] - pyrogram.types.messages_and_media.message - Empty messages cannot be copied.
[27-Jul-24 18:25:31 - WARNING] - pyrogram.types.messages_and_media.message - Empty messages cannot be copied.
[27-Jul-24 18:25:31 - WARNING] - pyrogram.types.messages_and_media.message - Empty messages cannot be copied.
[27-Jul-24 18:32:54 - WARNING] - pyrogram.types.messages_and_media.message - Empty messages cannot be copied.
[27-Jul-24 18:32:55 - WARNING] - pyrogram.types.messages_and_media.message - Empty messages cannot be copied.
[27-Jul-24 18:32:55 - WARNING] - pyrogram.types.messages_and_media.message - Empty messages cannot be copied.
[27-Jul-24 18:32:56 - WARNING] - pyrogram.types.messages_and_media.message - Empty messages cannot be copied.
[27-Jul-24 18:32:56 - WARNING] - pyrogram.types.messages_and_media.message - Empty messages cannot be copied.
[27-Jul-24 18:32:57 - WARNING] - pyrogram.types.messages_and_media.message - Empty messages cannot be copied.
[27-Jul-24 18:32:57 - WARNING] - pyrogram.types.messages_and_media.message - Empty messages cannot be copied.
[27-Jul-24 18:47:40 - WARNING] - pyrogram.types.messages_and_media.message - Empty messages cannot be copied.
[27-Jul-24 18:47:41 - WARNING] - pyrogram.types.messages_and_media.message - Empty messages cannot be copied.
[27-Jul-24 18:47:41 - WARNING] - pyrogram.types.messages_and_media.message - Empty messages cannot be copied.
[27-Jul-24 18:47:42 - WARNING] - pyrogram.types.messages_and_media.message - Empty messages cannot be copied.
[27-Jul-24 18:47:42 - WARNING] - pyrogram.types.messages_and_media.message - Empty messages cannot be copied.
[27-Jul-24 18:47:43 - WARNING] - pyrogram.types.messages_and_media.message - Empty messages cannot be copied.
[27-Jul-24 18:47:43 - WARNING] - pyrogram.types.messages_and_media.message - Empty messages cannot be copied.
[27-Jul-24 18:49:39 - WARNING] - pyrogram.types.messages_and_media.message - Empty messages cannot be copied.
[27-Jul-24 18:49:39 - WARNING] - pyrogram.types.messages_and_media.message - Empty messages cannot be copied.
[27-Jul-24 18:49:40 - WARNING] - pyrogram.types.messages_and_media.message - Empty messages cannot be copied.
[27-Jul-24 18:49:40 - WARNING] - pyrogram.types.messages_and_media.message - Empty messages cannot be copied.
[27-Jul-24 18:49:41 - WARNING] - pyrogram.types.messages_and_media.message - Empty messages cannot be copied.
[27-Jul-24 18:49:41 - WARNING] - pyrogram.types.messages_and_media.message - Empty messages cannot be copied.
[27-Jul-24 18:49:42 - WARNING] - pyrogram.types.messages_and_media.message - Empty messages cannot be copied.
[27-Jul-24 18:50:35 - WARNING] - pyrogram.types.messages_and_media.message - Empty messages cannot be copied.
[27-Jul-24 18:50:36 - WARNING] - pyrogram.types.messages_and_media.message - Empty messages cannot be copied.
[27-Jul-24 18:50:36 - WARNING] - pyrogram.types.messages_and_media.message - Empty messages cannot be copied.
[27-Jul-24 18:50:37 - WARNING] - pyrogram.types.messages_and_media.message - Empty messages cannot be copied.
[27-Jul-24 18:50:37 - WARNING] - pyrogram.types.messages_and_media.message - Empty messages cannot be copied.
[27-Jul-24 18:50:38 - WARNING] - pyrogram.types.messages_and_media.message - Empty messages cannot be copied.
[27-Jul-24 18:50:38 - WARNING] - pyrogram.types.messages_and_media.message - Empty messages cannot be copied.
[27-Jul-24 19:20:47 - WARNING] - pyrogram.types.messages_and_media.message - Empty messages cannot be copied.
[27-Jul-24 19:20:47 - WARNING] - pyrogram.types.messages_and_media.message - Empty messages cannot be copied.
[27-Jul-24 19:20:48 - WARNING] - pyrogram.types.messages_and_media.message - Empty messages cannot be copied.
[27-Jul-24 19:20:48 - WARNING] - pyrogram.types.messages_and_media.message - Empty messages cannot be copied.
[27-Jul-24 19:20:49 - WARNING] - pyrogram.types.messages_and_media.message - Empty messages cannot be copied.
[27-Jul-24 19:20:49 - WARNING] - pyrogram.types.messages_and_media.message - Empty messages cannot be copied.
[27-Jul-24 19:20:50 - WARNING] - pyrogram.types.messages_and_media.message - Empty messages cannot be copied.
[27-Jul-24 19:41:55 - WARNING] - pyrogram.types.messages_and_media.message - Empty messages cannot be copied.
[27-Jul-24 19:41:55 - WARNING] - pyrogram.types.messages_and_media.message - Empty messages cannot be copied.
[27-Jul-24 19:41:56 - WARNING] - pyrogram.types.messages_and_media.message - Empty messages cannot be copied.
[27-Jul-24 19:41:56 - WARNING] - pyrogram.types.messages_and_media.message - Empty messages cannot be copied.
[27-Jul-24 19:41:57 - WARNING] - pyrogram.types.messages_and_media.message - Empty messages cannot be copied.
[27-Jul-24 19:41:57 - WARNING] - pyrogram.types.messages_and_media.message - Empty messages cannot be copied.
[27-Jul-24 19:41:58 - WARNING] - pyrogram.types.messages_and_media.message - Empty messages cannot be copied.
[27-Jul-24 19:45:37 - WARNING] - pyrogram.types.messages_and_media.message - Empty messages cannot be copied.
[27-Jul-24 19:45:38 - WARNING] - pyrogram.types.messages_and_media.message - Empty messages cannot be copied.
[27-Jul-24 19:45:38 - WARNING] - pyrogram.types.messages_and_media.message - Empty messages cannot be copied.
[27-Jul-24 19:45:39 - WARNING] - pyrogram.types.messages_and_media.message - Empty messages cannot be copied.
[27-Jul-24 19:45:39 - WARNING] - pyrogram.types.messages_and_media.message - Empty messages cannot be copied.
[27-Jul-24 19:45:40 - WARNING] - pyrogram.types.messages_and_media.message - Empty messages cannot be copied.
[27-Jul-24 19:45:40 - WARNING] - pyrogram.types.messages_and_media.message - Empty messages cannot be copied.
[27-Jul-24 19:49:20 - WARNING] - pyrogram.types.messages_and_media.message - Empty messages cannot be copied.
[27-Jul-24 19:49:20 - WARNING] - pyrogram.types.messages_and_media.message - Empty messages cannot be copied.
[27-Jul-24 19:49:21 - WARNING] - pyrogram.types.messages_and_media.message - Empty messages cannot be copied.
[27-Jul-24 19:49:21 - WARNING] - pyrogram.types.messages_and_media.message - Empty messages cannot be copied.
[27-Jul-24 19:49:22 - WARNING] - pyrogram.types.messages_and_media.message - Empty messages cannot be copied.
[27-Jul-24 19:49:22 - WARNING] - pyrogram.types.messages_and_media.message - Empty messages cannot be copied.
[27-Jul-24 19:49:23 - WARNING] - pyrogram.types.messages_and_media.message - Empty messages cannot be copied.
[27-Jul-24 19:51:43 - WARNING] - pyrogram.types.messages_and_media.message - Empty messages cannot be copied.
[27-Jul-24 19:51:43 - WARNING] - pyrogram.types.messages_and_media.message - Empty messages cannot be copied.
[27-Jul-24 19:51:44 - WARNING] - pyrogram.types.messages_and_media.message - Empty messages cannot be copied.
[27-Jul-24 19:51:44 - WARNING] - pyrogram.types.messages_and_media.message - Empty messages cannot be copied.
[27-Jul-24 19:51:45 - WARNING] - pyrogram.types.messages_and_media.message - Empty messages cannot be copied.
[27-Jul-24 19:51:45 - WARNING] - pyrogram.types.messages_and_media.message - Empty messages cannot be copied.
[27-Jul-24 19:51:46 - WARNING] - pyrogram.types.messages_and_media.message - Empty messages cannot be copied.
[27-Jul-24 20:14:27 - WARNING] - pyrogram.types.messages_and_media.message - Empty messages cannot be copied.
[27-Jul-24 20:14:27 - WARNING] - pyrogram.types.messages_and_media.message - Empty messages cannot be copied.
[27-Jul-24 20:14:28 - WARNING] - pyrogram.types.messages_and_media.message - Empty messages cannot be copied.
[27-Jul-24 20:14:28 - WARNING] - pyrogram.types.messages_and_media.message - Empty messages cannot be copied.
[27-Jul-24 20:14:29 - WARNING] - pyrogram.types.messages_and_media.message - Empty messages cannot be copied.
[27-Jul-24 20:14:29 - WARNING] - pyrogram.types.messages_and_media.message - Empty messages cannot be copied.
[27-Jul-24 20:14:30 - WARNING] - pyrogram.types.messages_and_media.message - Empty messages cannot be copied.
[27-Jul-24 20:33:32 - WARNING] - pyrogram.types.messages_and_media.message - Empty messages cannot be copied.
[27-Jul-24 20:33:32 - WARNING] - pyrogram.types.messages_and_media.message - Empty messages cannot be copied.
[27-Jul-24 20:33:33 - WARNING] - pyrogram.types.messages_and_media.message - Empty messages cannot be copied.
[27-Jul-24 20:33:33 - WARNING] - pyrogram.types.messages_and_media.message - Empty messages cannot be copied.
[27-Jul-24 20:33:34 - WARNING] - pyrogram.types.messages_and_media.message - Empty messages cannot be copied.
[27-Jul-24 20:33:34 - WARNING] - pyrogram.types.messages_and_media.message - Empty messages cannot be copied.
[27-Jul-24 20:33:35 - WARNING] - pyrogram.types.messages_and_media.message - Empty messages cannot be copied.
[27-Jul-24 20:48:11 - WARNING] - pyrogram.types.messages_and_media.message - Empty messages cannot be copied.
[27-Jul-24 20:48:11 - WARNING] - pyrogram.types.messages_and_media.message - Empty messages cannot be copied.
[27-Jul-24 20:48:12 - WARNING] - pyrogram.types.messages_and_media.message - Empty messages cannot be copied.
[27-Jul-24 20:48:12 - WARNING] - pyrogram.types.messages_and_media.message - Empty messages cannot be copied.
[27-Jul-24 20:48:13 - WARNING] - pyrogram.types.messages_and_media.message - Empty messages cannot be copied.
[27-Jul-24 20:48:13 - WARNING] - pyrogram.types.messages_and_media.message - Empty messages cannot be copied.
[27-Jul-24 20:48:14 - WARNING] - pyrogram.types.messages_and_media.message - Empty messages cannot be copied.
[27-Jul-24 20:58:12 - WARNING] - pyrogram.types.messages_and_media.message - Empty messages cannot be copied.
[27-Jul-24 20:58:12 - WARNING] - pyrogram.types.messages_and_media.message - Empty messages cannot be copied.
[27-Jul-24 20:58:13 - WARNING] - pyrogram.types.messages_and_media.message - Empty messages cannot be copied.
[27-Jul-24 20:58:13 - WARNING] - pyrogram.types.messages_and_media.message - Empty messages cannot be copied.
[27-Jul-24 20:58:14 - WARNING] - pyrogram.types.messages_and_media.message - Empty messages cannot be copied.
[27-Jul-24 20:58:14 - WARNING] - pyrogram.types.messages_and_media.message - Empty messages cannot be copied.
[27-Jul-24 20:58:15 - WARNING] - pyrogram.types.messages_and_media.message - Empty messages cannot be copied.
[27-Jul-24 21:54:12 - WARNING] - pyrogram.types.messages_and_media.message - Empty messages cannot be copied.
[27-Jul-24 22:01:16 - WARNING] - pyrogram.types.messages_and_media.message - Empty messages cannot be copied.
[27-Jul-24 22:01:16 - WARNING] - pyrogram.types.messages_and_media.message - Empty messages cannot be copied.
[27-Jul-24 22:01:17 - WARNING] - pyrogram.types.messages_and_media.message - Empty messages cannot be copied.
[27-Jul-24 22:01:17 - WARNING] - pyrogram.types.messages_and_media.message - Empty messages cannot be copied.
[27-Jul-24 22:01:18 - WARNING] - pyrogram.types.messages_and_media.message - Empty messages cannot be copied.
[27-Jul-24 22:01:18 - WARNING] - pyrogram.types.messages_and_media.message - Empty messages cannot be copied.
[27-Jul-24 22:01:19 - WARNING] - pyrogram.types.messages_and_media.message - Empty messages cannot be copied.
[27-Jul-24 22:31:45 - WARNING] - pyrogram.types.messages_and_media.message - Empty messages cannot be copied.
[27-Jul-24 22:31:46 - WARNING] - pyrogram.types.messages_and_media.message - Empty messages cannot be copied.
[27-Jul-24 22:31:46 - WARNING] - pyrogram.types.messages_and_media.message - Empty messages cannot be copied.
[27-Jul-24 22:31:47 - WARNING] - pyrogram.types.messages_and_media.message - Empty messages cannot be copied.
[27-Jul-24 22:31:47 - WARNING] - pyrogram.types.messages_and_media.message - Empty messages cannot be copied.
[27-Jul-24 22:31:48 - WARNING] - pyrogram.types.messages_and_media.message - Empty messages cannot be copied.
[27-Jul-24 22:31:48 - WARNING] - pyrogram.types.messages_and_media.message - Empty messages cannot be copied.
[28-Jul-24 01:01:29 - WARNING] - pyrogram.types.messages_and_media.message - Empty messages cannot be copied.
[28-Jul-24 01:02:49 - WARNING] - pyrogram.types.messages_and_media.message - Empty messages cannot be copied.
[28-Jul-24 01:02:49 - WARNING] - pyrogram.types.messages_and_media.message - Empty messages cannot be copied.
[28-Jul-24 01:02:50 - WARNING] - pyrogram.types.messages_and_media.message - Empty messages cannot be copied.
[28-Jul-24 01:02:50 - WARNING] - pyrogram.types.messages_and_media.message - Empty messages cannot be copied.
[28-Jul-24 01:02:51 - WARNING] - pyrogram.types.messages_and_media.message - Empty messages cannot be copied.
[28-Jul-24 01:02:51 - WARNING] - pyrogram.types.messages_and_media.message - Empty messages cannot be copied.
[28-Jul-24 01:02:52 - WARNING] - pyrogram.types.messages_and_media.message - Empty messages cannot be copied.
[28-Jul-24 01:39:53 - WARNING] - pyrogram.types.messages_and_media.message - Empty messages cannot be copied.
[28-Jul-24 01:44:59 - WARNING] - pyrogram.types.messages_and_media.message - Empty messages cannot be copied.
[28-Jul-24 01:46:16 - WARNING] - pyrogram.types.messages_and_media.message - Empty messages cannot be copied.
[28-Jul-24 03:03:52 - WARNING] - pyrogram.types.messages_and_media.message - Empty messages cannot be copied.
[28-Jul-24 03:10:24 - WARNING] - pyrogram.types.messages_and_media.message - Empty messages cannot be copied.
[28-Jul-24 03:13:13 - WARNING] - pyrogram.types.messages_and_media.message - Empty messages cannot be copied.
[28-Jul-24 03:19:41 - WARNING] - pyrogram.types.messages_and_media.message - Empty messages cannot be copied.
[28-Jul-24 04:24:05 - WARNING] - pyrogram.types.messages_and_media.message - Empty messages cannot be copied.
[28-Jul-24 04:40:02 - WARNING] - pyrogram.types.messages_and_media.message - Empty messages cannot be copied.
[28-Jul-24 04:51:33 - WARNING] - pyrogram.types.messages_and_media.message - Empty messages cannot be copied.
[28-Jul-24 05:03:38 - WARNING] - pyrogram.types.messages_and_media.message - Empty messages cannot be copied.
[28-Jul-24 05:13:33 - WARNING] - pyrogram.types.messages_and_media.message - Empty messages cannot be copied.
[28-Jul-24 05:13:34 - WARNING] - pyrogram.types.messages_and_media.message - Empty messages cannot be copied.
[28-Jul-24 05:13:34 - WARNING] - pyrogram.types.messages_and_media.message - Empty messages cannot be copied.
[28-Jul-24 05:13:35 - WARNING] - pyrogram.types.messages_and_media.message - Empty messages cannot be copied.
[28-Jul-24 05:13:35 - WARNING] - pyrogram.types.messages_and_media.message - Empty messages cannot be copied.
[28-Jul-24 05:13:36 - WARNING] - pyrogram.types.messages_and_media.message - Empty messages cannot be copied.
[28-Jul-24 05:13:36 - WARNING] - pyrogram.types.messages_and_media.message - Empty messages cannot be copied.
[28-Jul-24 05:14:23 - WARNING] - pyrogram.types.messages_and_media.message - Empty messages cannot be copied.
[28-Jul-24 05:14:24 - WARNING] - pyrogram.types.messages_and_media.message - Empty messages cannot be copied.
[28-Jul-24 05:14:24 - WARNING] - pyrogram.types.messages_and_media.message - Empty messages cannot be copied.
[28-Jul-24 05:14:25 - WARNING] - pyrogram.types.messages_and_media.message - Empty messages cannot be copied.
[28-Jul-24 05:14:25 - WARNING] - pyrogram.types.messages_and_media.message - Empty messages cannot be copied.
[28-Jul-24 05:14:26 - WARNING] - pyrogram.types.messages_and_media.message - Empty messages cannot be copied.
[28-Jul-24 05:14:26 - WARNING] - pyrogram.types.messages_and_media.message - Empty messages cannot be copied.
[28-Jul-24 05:41:10 - WARNING] - pyrogram.types.messages_and_media.message - Empty messages cannot be copied.
[28-Jul-24 06:19:25 - WARNING] - pyrogram.types.messages_and_media.message - Empty messages cannot be copied.
[28-Jul-24 06:59:00 - WARNING] - pyrogram.types.messages_and_media.message - Empty messages cannot be copied.
[28-Jul-24 06:59:01 - WARNING] - pyrogram.types.messages_and_media.message - Empty messages cannot be copied.
[28-Jul-24 06:59:01 - WARNING] - pyrogram.types.messages_and_media.message - Empty messages cannot be copied.
[28-Jul-24 06:59:02 - WARNING] - pyrogram.types.messages_and_media.message - Empty messages cannot be copied.
[28-Jul-24 06:59:02 - WARNING] - pyrogram.types.messages_and_media.message - Empty messages cannot be copied.
[28-Jul-24 06:59:03 - WARNING] - pyrogram.types.messages_and_media.message - Empty messages cannot be copied.
[28-Jul-24 06:59:03 - WARNING] - pyrogram.types.messages_and_media.message - Empty messages cannot be copied.
[28-Jul-24 07:13:40 - WARNING] - pyrogram.types.messages_and_media.message - Empty messages cannot be copied.
[28-Jul-24 07:28:44 - WARNING] - pyrogram.types.messages_and_media.message - Empty messages cannot be copied.
[28-Jul-24 08:00:28 - WARNING] - pyrogram.types.messages_and_media.message - Empty messages cannot be copied.
[28-Jul-24 08:11:21 - WARNING] - pyrogram.types.messages_and_media.message - Empty messages cannot be copied.
[28-Jul-24 08:11:21 - WARNING] - pyrogram.types.messages_and_media.message - Empty messages cannot be copied.
[28-Jul-24 08:11:22 - WARNING] - pyrogram.types.messages_and_media.message - Empty messages cannot be copied.
[28-Jul-24 08:11:22 - WARNING] - pyrogram.types.messages_and_media.message - Empty messages cannot be copied.
[28-Jul-24 08:11:23 - WARNING] - pyrogram.types.messages_and_media.message - Empty messages cannot be copied.
[28-Jul-24 08:11:23 - WARNING] - pyrogram.types.messages_and_media.message - Empty messages cannot be copied.
[28-Jul-24 08:11:24 - WARNING] - pyrogram.types.messages_and_media.message - Empty messages cannot be copied.
[28-Jul-24 08:19:03 - WARNING] - pyrogram.types.messages_and_media.message - Empty messages cannot be copied.
[28-Jul-24 08:22:06 - WARNING] - pyrogram.types.messages_and_media.message - Empty messages cannot be copied.
[28-Jul-24 08:22:06 - WARNING] - pyrogram.types.messages_and_media.message - Empty messages cannot be copied.
[28-Jul-24 08:22:07 - WARNING] - pyrogram.types.messages_and_media.message - Empty messages cannot be copied.
[28-Jul-24 08:22:07 - WARNING] - pyrogram.types.messages_and_media.message - Empty messages cannot be copied.
[28-Jul-24 08:22:08 - WARNING] - pyrogram.types.messages_and_media.message - Empty messages cannot be copied.
[28-Jul-24 08:22:08 - WARNING] - pyrogram.types.messages_and_media.message - Empty messages cannot be copied.
[28-Jul-24 08:22:09 - WARNING] - pyrogram.types.messages_and_media.message - Empty messages cannot be copied.
[28-Jul-24 08:30:01 - WARNING] - pyrogram.types.messages_and_media.message - Empty messages cannot be copied.
[28-Jul-24 08:30:12 - WARNING] - pyrogram.types.messages_and_media.message - Empty messages cannot be copied.
[28-Jul-24 08:40:54 - WARNING] - pyrogram.types.messages_and_media.message - Empty messages cannot be copied.
[28-Jul-24 08:54:16 - WARNING] - pyrogram.types.messages_and_media.message - Empty messages cannot be copied.
[28-Jul-24 08:54:21 - WARNING] - pyrogram.types.messages_and_media.message - Empty messages cannot be copied.
[28-Jul-24 09:00:45 - WARNING] - pyrogram.types.messages_and_media.message - Empty messages cannot be copied.
[28-Jul-24 09:00:45 - WARNING] - pyrogram.types.messages_and_media.message - Empty messages cannot be copied.
[28-Jul-24 09:00:46 - WARNING] - pyrogram.types.messages_and_media.message - Empty messages cannot be copied.
[28-Jul-24 09:00:46 - WARNING] - pyrogram.types.messages_and_media.message - Empty messages cannot be copied.
[28-Jul-24 09:00:47 - WARNING] - pyrogram.types.messages_and_media.message - Empty messages cannot be copied.
[28-Jul-24 09:00:47 - WARNING] - pyrogram.types.messages_and_media.message - Empty messages cannot be copied.
[28-Jul-24 09:00:48 - WARNING] - pyrogram.types.messages_and_media.message - Empty messages cannot be copied.
[28-Jul-24 09:06:26 - WARNING] - pyrogram.types.messages_and_media.message - Empty messages cannot be copied.
[28-Jul-24 09:12:36 - WARNING] - pyrogram.types.messages_and_media.message - Empty messages cannot be copied.
[28-Jul-24 09:26:28 - WARNING] - pyrogram.types.messages_and_media.message - Empty messages cannot be copied.
[28-Jul-24 09:27:00 - WARNING] - pyrogram.types.messages_and_media.message - Empty messages cannot be copied.
[28-Jul-24 09:28:20 - WARNING] - pyrogram.types.messages_and_media.message - Empty messages cannot be copied.
[28-Jul-24 09:57:43 - WARNING] - pyrogram.types.messages_and_media.message - Empty messages cannot be copied.
[28-Jul-24 10:07:17 - WARNING] - pyrogram.types.messages_and_media.message - Empty messages cannot be copied.
[28-Jul-24 10:16:47 - WARNING] - pyrogram.types.messages_and_media.message - Empty messages cannot be copied.
[28-Jul-24 10:16:47 - WARNING] - pyrogram.types.messages_and_media.message - Empty messages cannot be copied.
[28-Jul-24 10:16:48 - WARNING] - pyrogram.types.messages_and_media.message - Empty messages cannot be copied.
[28-Jul-24 10:16:48 - WARNING] - pyrogram.types.messages_and_media.message - Empty messages cannot be copied.
[28-Jul-24 10:16:49 - WARNING] - pyrogram.types.messages_and_media.message - Empty messages cannot be copied.
[28-Jul-24 10:16:49 - WARNING] - pyrogram.types.messages_and_media.message - Empty messages cannot be copied.
[28-Jul-24 10:16:50 - WARNING] - pyrogram.types.messages_and_media.message - Empty messages cannot be copied.
[28-Jul-24 10:19:03 - WARNING] - pyrogram.types.messages_and_media.message - Empty messages cannot be copied.
[28-Jul-24 10:27:39 - WARNING] - pyrogram.types.messages_and_media.message - Empty messages cannot be copied.
[28-Jul-24 10:27:40 - WARNING] - pyrogram.types.messages_and_media.message - Empty messages cannot be copied.
[28-Jul-24 10:53:49 - WARNING] - pyrogram.types.messages_and_media.message - Empty messages cannot be copied.
[28-Jul-24 11:21:21 - WARNING] - pyrogram.types.messages_and_media.message - Empty messages cannot be copied.
[28-Jul-24 11:31:10 - WARNING] - pyrogram.types.messages_and_media.message - Empty messages cannot be copied.
[28-Jul-24 11:35:03 - WARNING] - pyrogram.types.messages_and_media.message - Empty messages cannot be copied.
[28-Jul-24 11:54:32 - WARNING] - pyrogram.types.messages_and_media.message - Empty messages cannot be copied.
[28-Jul-24 11:59:11 - WARNING] - pyrogram.types.messages_and_media.message - Empty messages cannot be copied.
[28-Jul-24 12:37:10 - WARNING] - pyrogram.types.messages_and_media.message - Empty messages cannot be copied.
[28-Jul-24 12:42:05 - WARNING] - pyrogram.types.messages_and_media.message - Empty messages cannot be copied.
[28-Jul-24 13:02:29 - WARNING] - pyrogram.types.messages_and_media.message - Empty messages cannot be copied.
[28-Jul-24 13:18:30 - WARNING] - pyrogram.types.messages_and_media.message - Empty messages cannot be copied.
[28-Jul-24 13:18:30 - WARNING] - pyrogram.types.messages_and_media.message - Empty messages cannot be copied.
[28-Jul-24 13:18:31 - WARNING] - pyrogram.types.messages_and_media.message - Empty messages cannot be copied.
[28-Jul-24 13:18:31 - WARNING] - pyrogram.types.messages_and_media.message - Empty messages cannot be copied.
[28-Jul-24 13:18:32 - WARNING] - pyrogram.types.messages_and_media.message - Empty messages cannot be copied.
[28-Jul-24 13:18:32 - WARNING] - pyrogram.types.messages_and_media.message - Empty messages cannot be copied.
[28-Jul-24 13:18:33 - WARNING] - pyrogram.types.messages_and_media.message - Empty messages cannot be copied.
[28-Jul-24 13:27:21 - WARNING] - pyrogram.types.messages_and_media.message - Empty messages cannot be copied.
[28-Jul-24 13:36:28 - WARNING] - pyrogram.types.messages_and_media.message - Empty messages cannot be copied.
[28-Jul-24 13:48:01 - WARNING] - pyrogram.types.messages_and_media.message - Empty messages cannot be copied.
[28-Jul-24 13:56:50 - WARNING] - pyrogram.types.messages_and_media.message - Empty messages cannot be copied.
[28-Jul-24 14:24:53 - WARNING] - pyrogram.types.messages_and_media.message - Empty messages cannot be copied.
[28-Jul-24 14:38:10 - WARNING] - pyrogram.types.messages_and_media.message - Empty messages cannot be copied.
[28-Jul-24 15:03:50 - WARNING] - pyrogram.types.messages_and_media.message - Empty messages cannot be copied.
[28-Jul-24 15:57:42 - WARNING] - pyrogram.types.messages_and_media.message - Empty messages cannot be copied.
[28-Jul-24 16:12:59 - WARNING] - pyrogram.types.messages_and_media.message - Empty messages cannot be copied.
[28-Jul-24 16:12:59 - WARNING] - pyrogram.types.messages_and_media.message - Empty messages cannot be copied.
[28-Jul-24 16:13:00 - WARNING] - pyrogram.types.messages_and_media.message - Empty messages cannot be copied.
[28-Jul-24 16:13:00 - WARNING] - pyrogram.types.messages_and_media.message - Empty messages cannot be copied.
[28-Jul-24 16:13:01 - WARNING] - pyrogram.types.messages_and_media.message - Empty messages cannot be copied.
[28-Jul-24 16:13:01 - WARNING] - pyrogram.types.messages_and_media.message - Empty messages cannot be copied.
[28-Jul-24 16:13:02 - WARNING] - pyrogram.types.messages_and_media.message - Empty messages cannot be copied.
[28-Jul-24 16:40:05 - WARNING] - pyrogram.types.messages_and_media.message - Empty messages cannot be copied.
[28-Jul-24 16:54:14 - WARNING] - pyrogram.types.messages_and_media.message - Empty messages cannot be copied.
[28-Jul-24 17:04:59 - WARNING] - pyrogram.types.messages_and_media.message - Empty messages cannot be copied.
[28-Jul-24 17:13:30 - WARNING] - pyrogram.types.messages_and_media.message - Empty messages cannot be copied.
[28-Jul-24 17:13:31 - WARNING] - pyrogram.types.messages_and_media.message - Empty messages cannot be copied.
[28-Jul-24 17:19:29 - WARNING] - pyrogram.types.messages_and_media.message - Empty messages cannot be copied.
[28-Jul-24 17:22:59 - WARNING] - pyrogram.types.messages_and_media.message - Empty messages cannot be copied.
[28-Jul-24 17:23:00 - WARNING] - pyrogram.types.messages_and_media.message - Empty messages cannot be copied.
[28-Jul-24 17:24:26 - WARNING] - pyrogram.types.messages_and_media.message - Empty messages cannot be copied.
[28-Jul-24 17:55:33 - WARNING] - pyrogram.types.messages_and_media.message - Empty messages cannot be copied.
[28-Jul-24 18:05:32 - WARNING] - pyrogram.types.messages_and_media.message - Empty messages cannot be copied.
[28-Jul-24 18:08:57 - WARNING] - pyrogram.types.messages_and_media.message - Empty messages cannot be copied.
[28-Jul-24 18:15:44 - WARNING] - pyrogram.types.messages_and_media.message - Empty messages cannot be copied.
[28-Jul-24 18:18:01 - WARNING] - pyrogram.types.messages_and_media.message - Empty messages cannot be copied.
[28-Jul-24 18:23:05 - WARNING] - pyrogram.types.messages_and_media.message - Empty messages cannot be copied.
[28-Jul-24 18:23:06 - WARNING] - pyrogram.types.messages_and_media.message - Empty messages cannot be copied.
[28-Jul-24 18:23:06 - WARNING] - pyrogram.types.messages_and_media.message - Empty messages cannot be copied.
[28-Jul-24 18:23:07 - WARNING] - pyrogram.types.messages_and_media.message - Empty messages cannot be copied.
[28-Jul-24 18:23:07 - WARNING] - pyrogram.types.messages_and_media.message - Empty messages cannot be copied.
[28-Jul-24 18:23:08 - WARNING] - pyrogram.types.messages_and_media.message - Empty messages cannot be copied.
[28-Jul-24 18:23:08 - WARNING] - pyrogram.types.messages_and_media.message - Empty messages cannot be copied.
[28-Jul-24 18:36:27 - WARNING] - pyrogram.types.messages_and_media.message - Empty messages cannot be copied.
[28-Jul-24 18:36:27 - WARNING] - pyrogram.types.messages_and_media.message - Empty messages cannot be copied.
[28-Jul-24 18:36:28 - WARNING] - pyrogram.types.messages_and_media.message - Empty messages cannot be copied.
[28-Jul-24 18:36:28 - WARNING] - pyrogram.types.messages_and_media.message - Empty messages cannot be copied.
[28-Jul-24 18:36:29 - WARNING] - pyrogram.types.messages_and_media.message - Empty messages cannot be copied.
[28-Jul-24 18:36:29 - WARNING] - pyrogram.types.messages_and_media.message - Empty messages cannot be copied.
[28-Jul-24 18:36:30 - WARNING] - pyrogram.types.messages_and_media.message - Empty messages cannot be copied.
[28-Jul-24 18:37:06 - WARNING] - pyrogram.types.messages_and_media.message - Empty messages cannot be copied.
[28-Jul-24 18:37:06 - WARNING] - pyrogram.types.messages_and_media.message - Empty messages cannot be copied.
[28-Jul-24 18:37:07 - WARNING] - pyrogram.types.messages_and_media.message - Empty messages cannot be copied.
[28-Jul-24 18:37:07 - WARNING] - pyrogram.types.messages_and_media.message - Empty messages cannot be copied.
[28-Jul-24 18:37:08 - WARNING] - pyrogram.types.messages_and_media.message - Empty messages cannot be copied.
[28-Jul-24 18:37:08 - WARNING] - pyrogram.types.messages_and_media.message - Empty messages cannot be copied.
[28-Jul-24 18:37:09 - WARNING] - pyrogram.types.messages_and_media.message - Empty messages cannot be copied.
[28-Jul-24 18:39:10 - WARNING] - pyrogram.types.messages_and_media.message - Empty messages cannot be copied.
[28-Jul-24 18:44:25 - WARNING] - pyrogram.types.messages_and_media.message - Empty messages cannot be copied.
[28-Jul-24 18:44:25 - WARNING] - pyrogram.types.messages_and_media.message - Empty messages cannot be copied.
[28-Jul-24 18:44:26 - WARNING] - pyrogram.types.messages_and_media.message - Empty messages cannot be copied.
[28-Jul-24 18:44:26 - WARNING] - pyrogram.types.messages_and_media.message - Empty messages cannot be copied.
[28-Jul-24 18:44:27 - WARNING] - pyrogram.types.messages_and_media.message - Empty messages cannot be copied.
[28-Jul-24 18:44:27 - WARNING] - pyrogram.types.messages_and_media.message - Empty messages cannot be copied.
[28-Jul-24 18:44:28 - WARNING] - pyrogram.types.messages_and_media.message - Empty messages cannot be copied.
[28-Jul-24 18:52:22 - WARNING] - pyrogram.types.messages_and_media.message - Empty messages cannot be copied.
[28-Jul-24 19:08:01 - WARNING] - pyrogram.types.messages_and_media.message - Empty messages cannot be copied.
[28-Jul-24 19:31:48 - WARNING] - pyrogram.types.messages_and_media.message - Empty messages cannot be copied.
[28-Jul-24 19:43:51 - WARNING] - pyrogram.types.messages_and_media.message - Empty messages cannot be copied.
[28-Jul-24 19:44:38 - WARNING] - pyrogram.types.messages_and_media.message - Empty messages cannot be copied.
[28-Jul-24 19:47:50 - WARNING] - pyrogram.types.messages_and_media.message - Empty messages cannot be copied.
[28-Jul-24 20:20:43 - WARNING] - pyrogram.types.messages_and_media.message - Empty messages cannot be copied.
[28-Jul-24 20:31:20 - WARNING] - pyrogram.types.messages_and_media.message - Empty messages cannot be copied.
[28-Jul-24 20:36:22 - WARNING] - pyrogram.types.messages_and_media.message - Empty messages cannot be copied.
[28-Jul-24 20:36:22 - WARNING] - pyrogram.types.messages_and_media.message - Empty messages cannot be copied.
[28-Jul-24 20:36:23 - WARNING] - pyrogram.types.messages_and_media.message - Empty messages cannot be copied.
[28-Jul-24 20:36:23 - WARNING] - pyrogram.types.messages_and_media.message - Empty messages cannot be copied.
[28-Jul-24 20:36:24 - WARNING] - pyrogram.types.messages_and_media.message - Empty messages cannot be copied.
[28-Jul-24 20:36:24 - WARNING] - pyrogram.types.messages_and_media.message - Empty messages cannot be copied.
[28-Jul-24 20:36:25 - WARNING] - pyrogram.types.messages_and_media.message - Empty messages cannot be copied.
[28-Jul-24 20:40:00 - WARNING] - pyrogram.types.messages_and_media.message - Empty messages cannot be copied.
[28-Jul-24 20:43:22 - WARNING] - pyrogram.types.messages_and_media.message - Empty messages cannot be copied.
[28-Jul-24 21:41:36 - WARNING] - pyrogram.types.messages_and_media.message - Empty messages cannot be copied.
[29-Jul-24 02:41:43 - WARNING] - pyrogram.types.messages_and_media.message - Empty messages cannot be copied.
[29-Jul-24 02:41:43 - WARNING] - pyrogram.types.messages_and_media.message - Empty messages cannot be copied.
[29-Jul-24 02:42:02 - WARNING] - pyrogram.types.messages_and_media.message - Empty messages cannot be copied.
[29-Jul-24 02:43:27 - WARNING] - pyrogram.types.messages_and_media.message - Empty messages cannot be copied.
[29-Jul-24 02:43:28 - WARNING] - pyrogram.types.messages_and_media.message - Empty messages cannot be copied.
[29-Jul-24 02:51:14 - WARNING] - pyrogram.types.messages_and_media.message - Empty messages cannot be copied.
[29-Jul-24 02:51:14 - WARNING] - pyrogram.types.messages_and_media.message - Empty messages cannot be copied.
[29-Jul-24 03:04:57 - WARNING] - pyrogram.types.messages_and_media.message - Empty messages cannot be copied.
[29-Jul-24 03:04:57 - WARNING] - pyrogram.types.messages_and_media.message - Empty messages cannot be copied.
[29-Jul-24 03:32:21 - WARNING] - pyrogram.types.messages_and_media.message - Empty messages cannot be copied.
[29-Jul-24 03:32:21 - WARNING] - pyrogram.types.messages_and_media.message - Empty messages cannot be copied.
[29-Jul-24 03:47:19 - WARNING] - pyrogram.types.messages_and_media.message - Empty messages cannot be copied.
[29-Jul-24 04:26:20 - WARNING] - pyrogram.types.messages_and_media.message - Empty messages cannot be copied.
[29-Jul-24 04:26:21 - WARNING] - pyrogram.types.messages_and_media.message - Empty messages cannot be copied.
[29-Jul-24 04:28:43 - WARNING] - pyrogram.types.messages_and_media.message - Empty messages cannot be copied.
[29-Jul-24 04:28:44 - WARNING] - pyrogram.types.messages_and_media.message - Empty messages cannot be copied.
[29-Jul-24 04:30:24 - WARNING] - pyrogram.types.messages_and_media.message - Empty messages cannot be copied.
[29-Jul-24 04:30:25 - WARNING] - pyrogram.types.messages_and_media.message - Empty messages cannot be copied.
[29-Jul-24 05:03:08 - WARNING] - pyrogram.types.messages_and_media.message - Empty messages cannot be copied.
[29-Jul-24 05:03:09 - WARNING] - pyrogram.types.messages_and_media.message - Empty messages cannot be copied.
[29-Jul-24 05:23:12 - WARNING] - pyrogram.types.messages_and_media.message - Empty messages cannot be copied.
[29-Jul-24 05:26:22 - WARNING] - pyrogram.types.messages_and_media.message - Empty messages cannot be copied.
[29-Jul-24 05:26:22 - WARNING] - pyrogram.types.messages_and_media.message - Empty messages cannot be copied.
[29-Jul-24 05:45:12 - WARNING] - pyrogram.types.messages_and_media.message - Empty messages cannot be copied.
[29-Jul-24 05:55:08 - WARNING] - pyrogram.types.messages_and_media.message - Empty messages cannot be copied.
[29-Jul-24 05:55:08 - WARNING] - pyrogram.types.messages_and_media.message - Empty messages cannot be copied.
[29-Jul-24 06:01:16 - WARNING] - pyrogram.types.messages_and_media.message - Empty messages cannot be copied.
[29-Jul-24 06:04:16 - WARNING] - pyrogram.types.messages_and_media.message - Empty messages cannot be copied.
[29-Jul-24 06:04:16 - WARNING] - pyrogram.types.messages_and_media.message - Empty messages cannot be copied.
[29-Jul-24 06:11:38 - WARNING] - pyrogram.types.messages_and_media.message - Empty messages cannot be copied.
[29-Jul-24 06:11:39 - WARNING] - pyrogram.types.messages_and_media.message - Empty messages cannot be copied.
[29-Jul-24 06:17:31 - WARNING] - pyrogram.types.messages_and_media.message - Empty messages cannot be copied.
[29-Jul-24 06:17:31 - WARNING] - pyrogram.types.messages_and_media.message - Empty messages cannot be copied.
[29-Jul-24 06:25:21 - WARNING] - pyrogram.types.messages_and_media.message - Empty messages cannot be copied.
[29-Jul-24 06:25:21 - WARNING] - pyrogram.types.messages_and_media.message - Empty messages cannot be copied.
[29-Jul-24 06:35:04 - WARNING] - pyrogram.types.messages_and_media.message - Empty messages cannot be copied.
[29-Jul-24 06:35:04 - WARNING] - pyrogram.types.messages_and_media.message - Empty messages cannot be copied.
[29-Jul-24 06:36:55 - WARNING] - pyrogram.types.messages_and_media.message - Empty messages cannot be copied.
[29-Jul-24 06:43:05 - WARNING] - pyrogram.types.messages_and_media.message - Empty messages cannot be copied.
[29-Jul-24 06:43:06 - WARNING] - pyrogram.types.messages_and_media.message - Empty messages cannot be copied.
[29-Jul-24 06:49:16 - WARNING] - pyrogram.types.messages_and_media.message - Empty messages cannot be copied.
[29-Jul-24 07:03:09 - WARNING] - pyrogram.types.messages_and_media.message - Empty messages cannot be copied.
[29-Jul-24 07:03:09 - WARNING] - pyrogram.types.messages_and_media.message - Empty messages cannot be copied.
[29-Jul-24 07:17:24 - WARNING] - pyrogram.types.messages_and_media.message - Empty messages cannot be copied.
[29-Jul-24 07:21:03 - WARNING] - pyrogram.types.messages_and_media.message - Empty messages cannot be copied.
[29-Jul-24 07:21:04 - WARNING] - pyrogram.types.messages_and_media.message - Empty messages cannot be copied.
[29-Jul-24 07:54:28 - WARNING] - pyrogram.types.messages_and_media.message - Empty messages cannot be copied.
[29-Jul-24 08:00:41 - WARNING] - pyrogram.types.messages_and_media.message - Empty messages cannot be copied.
[29-Jul-24 08:00:42 - WARNING] - pyrogram.types.messages_and_media.message - Empty messages cannot be copied.
[29-Jul-24 08:00:42 - WARNING] - pyrogram.types.messages_and_media.message - Empty messages cannot be copied.
[29-Jul-24 08:00:43 - WARNING] - pyrogram.types.messages_and_media.message - Empty messages cannot be copied.
[29-Jul-24 08:00:43 - WARNING] - pyrogram.types.messages_and_media.message - Empty messages cannot be copied.
[29-Jul-24 08:00:44 - WARNING] - pyrogram.types.messages_and_media.message - Empty messages cannot be copied.
[29-Jul-24 08:00:44 - WARNING] - pyrogram.types.messages_and_media.message - Empty messages cannot be copied.
[29-Jul-24 08:01:16 - WARNING] - pyrogram.types.messages_and_media.message - Empty messages cannot be copied.
[29-Jul-24 08:01:17 - WARNING] - pyrogram.types.messages_and_media.message - Empty messages cannot be copied.
[29-Jul-24 08:14:29 - WARNING] - pyrogram.types.messages_and_media.message - Empty messages cannot be copied.
[29-Jul-24 08:14:30 - WARNING] - pyrogram.types.messages_and_media.message - Empty messages cannot be copied.
[29-Jul-24 08:44:33 - WARNING] - pyrogram.types.messages_and_media.message - Empty messages cannot be copied.
[29-Jul-24 08:44:34 - WARNING] - pyrogram.types.messages_and_media.message - Empty messages cannot be copied.
[29-Jul-24 08:49:18 - WARNING] - pyrogram.types.messages_and_media.message - Empty messages cannot be copied.
[29-Jul-24 08:49:19 - WARNING] - pyrogram.types.messages_and_media.message - Empty messages cannot be copied.
[29-Jul-24 08:50:47 - WARNING] - pyrogram.types.messages_and_media.message - Empty messages cannot be copied.
[29-Jul-24 09:30:44 - WARNING] - pyrogram.types.messages_and_media.message - Empty messages cannot be copied.
[29-Jul-24 09:30:44 - WARNING] - pyrogram.types.messages_and_media.message - Empty messages cannot be copied.
[29-Jul-24 09:44:28 - WARNING] - pyrogram.types.messages_and_media.message - Empty messages cannot be copied.
[29-Jul-24 09:44:28 - WARNING] - pyrogram.types.messages_and_media.message - Empty messages cannot be copied.
[29-Jul-24 09:48:59 - WARNING] - pyrogram.types.messages_and_media.message - Empty messages cannot be copied.
[29-Jul-24 09:49:00 - WARNING] - pyrogram.types.messages_and_media.message - Empty messages cannot be copied.
[29-Jul-24 09:50:02 - WARNING] - pyrogram.types.messages_and_media.message - Empty messages cannot be copied.
[29-Jul-24 09:50:03 - WARNING] - pyrogram.types.messages_and_media.message - Empty messages cannot be copied.
[29-Jul-24 10:11:25 - WARNING] - pyrogram.types.messages_and_media.message - Empty messages cannot be copied.
[29-Jul-24 10:11:25 - WARNING] - pyrogram.types.messages_and_media.message - Empty messages cannot be copied.
[29-Jul-24 10:11:26 - WARNING] - pyrogram.types.messages_and_media.message - Empty messages cannot be copied.
[29-Jul-24 10:11:26 - WARNING] - pyrogram.types.messages_and_media.message - Empty messages cannot be copied.
[29-Jul-24 10:11:27 - WARNING] - pyrogram.types.messages_and_media.message - Empty messages cannot be copied.
[29-Jul-24 10:11:27 - WARNING] - pyrogram.types.messages_and_media.message - Empty messages cannot be copied.
[29-Jul-24 10:11:28 - WARNING] - pyrogram.types.messages_and_media.message - Empty messages cannot be copied.
[29-Jul-24 10:15:08 - WARNING] - pyrogram.types.messages_and_media.message - Empty messages cannot be copied.
[29-Jul-24 10:20:53 - WARNING] - pyrogram.types.messages_and_media.message - Empty messages cannot be copied.
[29-Jul-24 10:20:54 - WARNING] - pyrogram.types.messages_and_media.message - Empty messages cannot be copied.
[29-Jul-24 10:51:16 - WARNING] - pyrogram.types.messages_and_media.message - Empty messages cannot be copied.
[29-Jul-24 11:00:53 - WARNING] - pyrogram.types.messages_and_media.message - Empty messages cannot be copied.
[29-Jul-24 11:00:54 - WARNING] - pyrogram.types.messages_and_media.message - Empty messages cannot be copied.
[29-Jul-24 11:00:54 - WARNING] - pyrogram.types.messages_and_media.message - Empty messages cannot be copied.
[29-Jul-24 11:00:55 - WARNING] - pyrogram.types.messages_and_media.message - Empty messages cannot be copied.
[29-Jul-24 11:00:55 - WARNING] - pyrogram.types.messages_and_media.message - Empty messages cannot be copied.
[29-Jul-24 11:00:56 - WARNING] - pyrogram.types.messages_and_media.message - Empty messages cannot be copied.
[29-Jul-24 11:00:56 - WARNING] - pyrogram.types.messages_and_media.message - Empty messages cannot be copied.
[29-Jul-24 11:03:11 - WARNING] - pyrogram.types.messages_and_media.message - Empty messages cannot be copied.
[29-Jul-24 11:03:11 - WARNING] - pyrogram.types.messages_and_media.message - Empty messages cannot be copied.
[29-Jul-24 11:12:46 - WARNING] - pyrogram.types.messages_and_media.message - Empty messages cannot be copied.
[29-Jul-24 11:12:47 - WARNING] - pyrogram.types.messages_and_media.message - Empty messages cannot be copied.
[29-Jul-24 11:12:47 - WARNING] - pyrogram.types.messages_and_media.message - Empty messages cannot be copied.
[29-Jul-24 11:12:48 - WARNING] - pyrogram.types.messages_and_media.message - Empty messages cannot be copied.
[29-Jul-24 11:12:48 - WARNING] - pyrogram.types.messages_and_media.message - Empty messages cannot be copied.
[29-Jul-24 11:12:49 - WARNING] - pyrogram.types.messages_and_media.message - Empty messages cannot be copied.
[29-Jul-24 11:12:49 - WARNING] - pyrogram.types.messages_and_media.message - Empty messages cannot be copied.
[29-Jul-24 11:26:39 - WARNING] - pyrogram.types.messages_and_media.message - Empty messages cannot be copied.
[29-Jul-24 11:26:40 - WARNING] - pyrogram.types.messages_and_media.message - Empty messages cannot be copied.
[29-Jul-24 11:27:08 - WARNING] - pyrogram.types.messages_and_media.message - Empty messages cannot be copied.
[29-Jul-24 11:31:53 - WARNING] - pyrogram.types.messages_and_media.message - Empty messages cannot be copied.
[29-Jul-24 11:31:53 - WARNING] - pyrogram.types.messages_and_media.message - Empty messages cannot be copied.
[29-Jul-24 11:40:37 - WARNING] - pyrogram.types.messages_and_media.message - Empty messages cannot be copied.
[29-Jul-24 11:40:37 - WARNING] - pyrogram.types.messages_and_media.message - Empty messages cannot be copied.
[29-Jul-24 12:00:46 - WARNING] - pyrogram.types.messages_and_media.message - Empty messages cannot be copied.
[29-Jul-24 12:00:46 - WARNING] - pyrogram.types.messages_and_media.message - Empty messages cannot be copied.
[29-Jul-24 12:13:43 - WARNING] - pyrogram.types.messages_and_media.message - Empty messages cannot be copied.
[29-Jul-24 12:13:44 - WARNING] - pyrogram.types.messages_and_media.message - Empty messages cannot be copied.
[29-Jul-24 12:19:43 - WARNING] - pyrogram.types.messages_and_media.message - Empty messages cannot be copied.
[29-Jul-24 12:19:44 - WARNING] - pyrogram.types.messages_and_media.message - Empty messages cannot be copied.
[29-Jul-24 12:36:41 - WARNING] - pyrogram.types.messages_and_media.message - Empty messages cannot be copied.
[29-Jul-24 12:36:41 - WARNING] - pyrogram.types.messages_and_media.message - Empty messages cannot be copied.
[29-Jul-24 12:50:17 - WARNING] - pyrogram.types.messages_and_media.message - Empty messages cannot be copied.
[29-Jul-24 12:50:17 - WARNING] - pyrogram.types.messages_and_media.message - Empty messages cannot be copied.
[29-Jul-24 12:50:46 - WARNING] - pyrogram.types.messages_and_media.message - Empty messages cannot be copied.
[29-Jul-24 12:51:24 - WARNING] - pyrogram.types.messages_and_media.message - Empty messages cannot be copied.
[29-Jul-24 12:51:24 - WARNING] - pyrogram.types.messages_and_media.message - Empty messages cannot be copied.
[29-Jul-24 13:26:04 - WARNING] - pyrogram.types.messages_and_media.message - Empty messages cannot be copied.
[29-Jul-24 13:55:18 - WARNING] - pyrogram.types.messages_and_media.message - Empty messages cannot be copied.
[29-Jul-24 13:55:18 - WARNING] - pyrogram.types.messages_and_media.message - Empty messages cannot be copied.
[29-Jul-24 13:56:34 - WARNING] - pyrogram.types.messages_and_media.message - Empty messages cannot be copied.
[29-Jul-24 13:56:34 - WARNING] - pyrogram.types.messages_and_media.message - Empty messages cannot be copied.
[29-Jul-24 14:25:46 - WARNING] - pyrogram.types.messages_and_media.message - Empty messages cannot be copied.
[29-Jul-24 14:26:37 - WARNING] - pyrogram.types.messages_and_media.message - Empty messages cannot be copied.
[29-Jul-24 14:26:38 - WARNING] - pyrogram.types.messages_and_media.message - Empty messages cannot be copied.
[29-Jul-24 14:37:41 - WARNING] - pyrogram.types.messages_and_media.message - Empty messages cannot be copied.
[29-Jul-24 14:51:17 - WARNING] - pyrogram.types.messages_and_media.message - Empty messages cannot be copied.
[29-Jul-24 14:51:17 - WARNING] - pyrogram.types.messages_and_media.message - Empty messages cannot be copied.
[29-Jul-24 14:51:18 - WARNING] - pyrogram.types.messages_and_media.message - Empty messages cannot be copied.
[29-Jul-24 14:51:18 - WARNING] - pyrogram.types.messages_and_media.message - Empty messages cannot be copied.
[29-Jul-24 14:51:18 - WARNING] - pyrogram.types.messages_and_media.message - Empty messages cannot be copied.
[29-Jul-24 14:51:19 - WARNING] - pyrogram.types.messages_and_media.message - Empty messages cannot be copied.
[29-Jul-24 14:51:19 - WARNING] - pyrogram.types.messages_and_media.message - Empty messages cannot be copied.
[29-Jul-24 14:51:19 - WARNING] - pyrogram.types.messages_and_media.message - Empty messages cannot be copied.
[29-Jul-24 14:51:19 - WARNING] - pyrogram.types.messages_and_media.message - Empty messages cannot be copied.
[29-Jul-24 14:51:20 - WARNING] - pyrogram.types.messages_and_media.message - Empty messages cannot be copied.
[29-Jul-24 14:51:20 - WARNING] - pyrogram.types.messages_and_media.message - Empty messages cannot be copied.
[29-Jul-24 14:51:20 - WARNING] - pyrogram.types.messages_and_media.message - Empty messages cannot be copied.
[29-Jul-24 14:51:21 - WARNING] - pyrogram.types.messages_and_media.message - Empty messages cannot be copied.
[29-Jul-24 14:51:21 - WARNING] - pyrogram.types.messages_and_media.message - Empty messages cannot be copied.
[29-Jul-24 14:54:41 - WARNING] - pyrogram.types.messages_and_media.message - Empty messages cannot be copied.
[29-Jul-24 15:17:22 - WARNING] - pyrogram.types.messages_and_media.message - Empty messages cannot be copied.
[29-Jul-24 15:17:23 - WARNING] - pyrogram.types.messages_and_media.message - Empty messages cannot be copied.
[29-Jul-24 16:20:33 - WARNING] - pyrogram.types.messages_and_media.message - Empty messages cannot be copied.
[29-Jul-24 16:29:45 - WARNING] - pyrogram.types.messages_and_media.message - Empty messages cannot be copied.
[29-Jul-24 16:29:46 - WARNING] - pyrogram.types.messages_and_media.message - Empty messages cannot be copied.
[29-Jul-24 16:39:22 - WARNING] - pyrogram.types.messages_and_media.message - Empty messages cannot be copied.
[29-Jul-24 16:39:22 - WARNING] - pyrogram.types.messages_and_media.message - Empty messages cannot be copied.
[29-Jul-24 16:39:23 - WARNING] - pyrogram.types.messages_and_media.message - Empty messages cannot be copied.
[29-Jul-24 16:39:23 - WARNING] - pyrogram.types.messages_and_media.message - Empty messages cannot be copied.
[29-Jul-24 16:39:24 - WARNING] - pyrogram.types.messages_and_media.message - Empty messages cannot be copied.
[29-Jul-24 16:39:24 - WARNING] - pyrogram.types.messages_and_media.message - Empty messages cannot be copied.
[29-Jul-24 16:39:25 - WARNING] - pyrogram.types.messages_and_media.message - Empty messages cannot be copied.
[29-Jul-24 16:39:26 - WARNING] - pyrogram.types.messages_and_media.message - Empty messages cannot be copied.
[29-Jul-24 16:54:04 - WARNING] - pyrogram.types.messages_and_media.message - Empty messages cannot be copied.
[29-Jul-24 16:54:04 - WARNING] - pyrogram.types.messages_and_media.message - Empty messages cannot be copied.
[29-Jul-24 17:08:07 - WARNING] - pyrogram.types.messages_and_media.message - Empty messages cannot be copied.
[29-Jul-24 17:31:01 - WARNING] - pyrogram.types.messages_and_media.message - Empty messages cannot be copied.
[29-Jul-24 17:32:19 - WARNING] - pyrogram.types.messages_and_media.message - Empty messages cannot be copied.
[29-Jul-24 17:32:32 - WARNING] - pyrogram.types.messages_and_media.message - Empty messages cannot be copied.
[29-Jul-24 17:32:32 - WARNING] - pyrogram.types.messages_and_media.message - Empty messages cannot be copied.
[29-Jul-24 17:35:20 - WARNING] - pyrogram.types.messages_and_media.message - Empty messages cannot be copied.
[29-Jul-24 17:35:20 - WARNING] - pyrogram.types.messages_and_media.message - Empty messages cannot be copied.
[29-Jul-24 17:35:41 - WARNING] - pyrogram.types.messages_and_media.message - Empty messages cannot be copied.
[29-Jul-24 17:39:56 - WARNING] - pyrogram.types.messages_and_media.message - Empty messages cannot be copied.
[29-Jul-24 17:39:56 - WARNING] - pyrogram.types.messages_and_media.message - Empty messages cannot be copied.
[29-Jul-24 18:10:33 - WARNING] - pyrogram.types.messages_and_media.message - Empty messages cannot be copied.
[29-Jul-24 18:16:02 - WARNING] - pyrogram.types.messages_and_media.message - Empty messages cannot be copied.
[29-Jul-24 18:19:54 - WARNING] - pyrogram.types.messages_and_media.message - Empty messages cannot be copied.
[29-Jul-24 18:27:34 - WARNING] - pyrogram.types.messages_and_media.message - Empty messages cannot be copied.
[29-Jul-24 18:27:35 - WARNING] - pyrogram.types.messages_and_media.message - Empty messages cannot be copied.
[29-Jul-24 18:28:43 - WARNING] - pyrogram.types.messages_and_media.message - Empty messages cannot be copied.
[29-Jul-24 18:28:55 - WARNING] - pyrogram.types.messages_and_media.message - Empty messages cannot be copied.
[29-Jul-24 18:28:55 - WARNING] - pyrogram.types.messages_and_media.message - Empty messages cannot be copied.
[29-Jul-24 18:29:50 - WARNING] - pyrogram.types.messages_and_media.message - Empty messages cannot be copied.
[29-Jul-24 18:29:50 - WARNING] - pyrogram.types.messages_and_media.message - Empty messages cannot be copied.
[29-Jul-24 18:29:51 - WARNING] - pyrogram.types.messages_and_media.message - Empty messages cannot be copied.
[29-Jul-24 18:29:51 - WARNING] - pyrogram.types.messages_and_media.message - Empty messages cannot be copied.
[29-Jul-24 18:29:52 - WARNING] - pyrogram.types.messages_and_media.message - Empty messages cannot be copied.
[29-Jul-24 18:29:52 - WARNING] - pyrogram.types.messages_and_media.message - Empty messages cannot be copied.
[29-Jul-24 18:29:53 - WARNING] - pyrogram.types.messages_and_media.message - Empty messages cannot be copied.
[29-Jul-24 18:30:34 - WARNING] - pyrogram.types.messages_and_media.message - Empty messages cannot be copied.
[29-Jul-24 18:30:34 - WARNING] - pyrogram.types.messages_and_media.message - Empty messages cannot be copied.
[29-Jul-24 18:31:51 - WARNING] - pyrogram.types.messages_and_media.message - Empty messages cannot be copied.
[29-Jul-24 18:31:52 - WARNING] - pyrogram.types.messages_and_media.message - Empty messages cannot be copied.
[29-Jul-24 18:34:51 - WARNING] - pyrogram.types.messages_and_media.message - Empty messages cannot be copied.
[29-Jul-24 18:34:52 - WARNING] - pyrogram.types.messages_and_media.message - Empty messages cannot be copied.
[29-Jul-24 19:05:17 - WARNING] - pyrogram.types.messages_and_media.message - Empty messages cannot be copied.
[29-Jul-24 19:05:18 - WARNING] - pyrogram.types.messages_and_media.message - Empty messages cannot be copied.
[29-Jul-24 19:27:23 - WARNING] - pyrogram.types.messages_and_media.message - Empty messages cannot be copied.
[29-Jul-24 19:27:23 - WARNING] - pyrogram.types.messages_and_media.message - Empty messages cannot be copied.
[29-Jul-24 19:27:53 - WARNING] - pyrogram.types.messages_and_media.message - Empty messages cannot be copied.
[29-Jul-24 19:32:02 - WARNING] - pyrogram.types.messages_and_media.message - Empty messages cannot be copied.
[29-Jul-24 19:32:07 - WARNING] - pyrogram.types.messages_and_media.message - Empty messages cannot be copied.
[29-Jul-24 19:32:57 - WARNING] - pyrogram.types.messages_and_media.message - Empty messages cannot be copied.
[29-Jul-24 19:32:57 - WARNING] - pyrogram.types.messages_and_media.message - Empty messages cannot be copied.
[29-Jul-24 19:32:58 - WARNING] - pyrogram.types.messages_and_media.message - Empty messages cannot be copied.
[29-Jul-24 19:32:58 - WARNING] - pyrogram.types.messages_and_media.message - Empty messages cannot be copied.
[29-Jul-24 19:32:59 - WARNING] - pyrogram.types.messages_and_media.message - Empty messages cannot be copied.
[29-Jul-24 19:32:59 - WARNING] - pyrogram.types.messages_and_media.message - Empty messages cannot be copied.
[29-Jul-24 19:33:00 - WARNING] - pyrogram.types.messages_and_media.message - Empty messages cannot be copied.
[29-Jul-24 19:36:18 - WARNING] - pyrogram.types.messages_and_media.message - Empty messages cannot be copied.
[29-Jul-24 19:36:19 - WARNING] - pyrogram.types.messages_and_media.message - Empty messages cannot be copied.
[29-Jul-24 20:16:26 - WARNING] - pyrogram.types.messages_and_media.message - Empty messages cannot be copied.
[29-Jul-24 20:16:27 - WARNING] - pyrogram.types.messages_and_media.message - Empty messages cannot be copied.
[29-Jul-24 20:28:25 - WARNING] - pyrogram.types.messages_and_media.message - Empty messages cannot be copied.
[29-Jul-24 20:42:45 - WARNING] - pyrogram.types.messages_and_media.message - Empty messages cannot be copied.
[29-Jul-24 20:58:55 - WARNING] - pyrogram.types.messages_and_media.message - Empty messages cannot be copied.
[29-Jul-24 20:58:55 - WARNING] - pyrogram.types.messages_and_media.message - Empty messages cannot be copied.
[29-Jul-24 21:01:12 - WARNING] - pyrogram.types.messages_and_media.message - Empty messages cannot be copied.
[29-Jul-24 21:01:12 - WARNING] - pyrogram.types.messages_and_media.message - Empty messages cannot be copied.
[29-Jul-24 21:02:06 - WARNING] - pyrogram.types.messages_and_media.message - Empty messages cannot be copied.
[29-Jul-24 21:02:07 - WARNING] - pyrogram.types.messages_and_media.message - Empty messages cannot be copied.
[29-Jul-24 21:02:07 - WARNING] - pyrogram.types.messages_and_media.message - Empty messages cannot be copied.
[29-Jul-24 21:02:08 - WARNING] - pyrogram.types.messages_and_media.message - Empty messages cannot be copied.
[29-Jul-24 21:02:08 - WARNING] - pyrogram.types.messages_and_media.message - Empty messages cannot be copied.
[29-Jul-24 21:02:09 - WARNING] - pyrogram.types.messages_and_media.message - Empty messages cannot be copied.
[29-Jul-24 21:02:09 - WARNING] - pyrogram.types.messages_and_media.message - Empty messages cannot be copied.
[29-Jul-24 21:40:58 - WARNING] - pyrogram.types.messages_and_media.message - Empty messages cannot be copied.
[29-Jul-24 22:06:32 - WARNING] - pyrogram.types.messages_and_media.message - Empty messages cannot be copied.
[29-Jul-24 22:06:33 - WARNING] - pyrogram.types.messages_and_media.message - Empty messages cannot be copied.
[29-Jul-24 22:06:33 - WARNING] - pyrogram.types.messages_and_media.message - Empty messages cannot be copied.
[29-Jul-24 22:06:34 - WARNING] - pyrogram.types.messages_and_media.message - Empty messages cannot be copied.
[29-Jul-24 22:06:34 - WARNING] - pyrogram.types.messages_and_media.message - Empty messages cannot be copied.
[29-Jul-24 22:06:35 - WARNING] - pyrogram.types.messages_and_media.message - Empty messages cannot be copied.
[29-Jul-24 22:06:35 - WARNING] - pyrogram.types.messages_and_media.message - Empty messages cannot be copied.
[29-Jul-24 22:24:53 - WARNING] - pyrogram.types.messages_and_media.message - Empty messages cannot be copied.
[29-Jul-24 22:24:53 - WARNING] - pyrogram.types.messages_and_media.message - Empty messages cannot be copied.
[30-Jul-24 00:00:58 - WARNING] - pyrogram.types.messages_and_media.message - Empty messages cannot be copied.
[30-Jul-24 00:00:58 - WARNING] - pyrogram.types.messages_and_media.message - Empty messages cannot be copied.
[30-Jul-24 00:00:59 - WARNING] - pyrogram.types.messages_and_media.message - Empty messages cannot be copied.
[30-Jul-24 00:00:59 - WARNING] - pyrogram.types.messages_and_media.message - Empty messages cannot be copied.
[30-Jul-24 00:01:00 - WARNING] - pyrogram.types.messages_and_media.message - Empty messages cannot be copied.
[30-Jul-24 00:01:00 - WARNING] - pyrogram.types.messages_and_media.message - Empty messages cannot be copied.
[30-Jul-24 00:01:01 - WARNING] - pyrogram.types.messages_and_media.message - Empty messages cannot be copied.
[30-Jul-24 01:10:37 - WARNING] - pyrogram.types.messages_and_media.message - Empty messages cannot be copied.
[30-Jul-24 01:10:37 - WARNING] - pyrogram.types.messages_and_media.message - Empty messages cannot be copied.
[30-Jul-24 01:15:44 - WARNING] - pyrogram.types.messages_and_media.message - Empty messages cannot be copied.
[30-Jul-24 01:15:45 - WARNING] - pyrogram.types.messages_and_media.message - Empty messages cannot be copied.
[30-Jul-24 01:27:02 - WARNING] - pyrogram.types.messages_and_media.message - Empty messages cannot be copied.
[30-Jul-24 01:27:03 - WARNING] - pyrogram.types.messages_and_media.message - Empty messages cannot be copied.
[30-Jul-24 01:54:51 - WARNING] - pyrogram.types.messages_and_media.message - Empty messages cannot be copied.
[30-Jul-24 01:54:52 - WARNING] - pyrogram.types.messages_and_media.message - Empty messages cannot be copied.
[30-Jul-24 02:08:09 - WARNING] - pyrogram.types.messages_and_media.message - Empty messages cannot be copied.
[30-Jul-24 02:11:47 - WARNING] - pyrogram.types.messages_and_media.message - Empty messages cannot be copied.
[30-Jul-24 02:11:47 - WARNING] - pyrogram.types.messages_and_media.message - Empty messages cannot be copied.
[30-Jul-24 02:20:08 - WARNING] - pyrogram.types.messages_and_media.message - Empty messages cannot be copied.
[30-Jul-24 03:28:07 - WARNING] - pyrogram.types.messages_and_media.message - Empty messages cannot be copied.
[30-Jul-24 03:28:07 - WARNING] - pyrogram.types.messages_and_media.message - Empty messages cannot be copied.
[30-Jul-24 03:42:13 - WARNING] - pyrogram.types.messages_and_media.message - Empty messages cannot be copied.
[30-Jul-24 03:43:02 - WARNING] - pyrogram.types.messages_and_media.message - Empty messages cannot be copied.
[30-Jul-24 03:54:22 - WARNING] - pyrogram.types.messages_and_media.message - Empty messages cannot be copied.
[30-Jul-24 03:54:23 - WARNING] - pyrogram.types.messages_and_media.message - Empty messages cannot be copied.
[30-Jul-24 05:12:50 - WARNING] - pyrogram.types.messages_and_media.message - Empty messages cannot be copied.
[30-Jul-24 05:12:50 - WARNING] - pyrogram.types.messages_and_media.message - Empty messages cannot be copied.
[30-Jul-24 05:21:12 - WARNING] - pyrogram.types.messages_and_media.message - Empty messages cannot be copied.
[30-Jul-24 05:21:12 - WARNING] - pyrogram.types.messages_and_media.message - Empty messages cannot be copied.
[30-Jul-24 05:24:52 - WARNING] - pyrogram.types.messages_and_media.message - Empty messages cannot be copied.
[30-Jul-24 05:24:53 - WARNING] - pyrogram.types.messages_and_media.message - Empty messages cannot be copied.
[30-Jul-24 05:37:24 - WARNING] - pyrogram.types.messages_and_media.message - Empty messages cannot be copied.
[30-Jul-24 05:37:25 - WARNING] - pyrogram.types.messages_and_media.message - Empty messages cannot be copied.
[30-Jul-24 06:17:15 - WARNING] - pyrogram.types.messages_and_media.message - Empty messages cannot be copied.
[30-Jul-24 06:17:16 - WARNING] - pyrogram.types.messages_and_media.message - Empty messages cannot be copied.
[30-Jul-24 06:23:30 - WARNING] - pyrogram.types.messages_and_media.message - Empty messages cannot be copied.
[30-Jul-24 06:26:46 - WARNING] - pyrogram.types.messages_and_media.message - Empty messages cannot be copied.
[30-Jul-24 06:26:46 - WARNING] - pyrogram.types.messages_and_media.message - Empty messages cannot be copied.
[30-Jul-24 06:26:47 - WARNING] - pyrogram.types.messages_and_media.message - Empty messages cannot be copied.
[30-Jul-24 06:26:47 - WARNING] - pyrogram.types.messages_and_media.message - Empty messages cannot be copied.
[30-Jul-24 06:26:48 - WARNING] - pyrogram.types.messages_and_media.message - Empty messages cannot be copied.
[30-Jul-24 06:26:48 - WARNING] - pyrogram.types.messages_and_media.message - Empty messages cannot be copied.
[30-Jul-24 06:26:49 - WARNING] - pyrogram.types.messages_and_media.message - Empty messages cannot be copied.
[30-Jul-24 07:05:26 - WARNING] - pyrogram.types.messages_and_media.message - Empty messages cannot be copied.
[30-Jul-24 07:31:43 - WARNING] - pyrogram.types.messages_and_media.message - Empty messages cannot be copied.
[30-Jul-24 08:31:18 - WARNING] - pyrogram.types.messages_and_media.message - Empty messages cannot be copied.
[30-Jul-24 08:31:19 - WARNING] - pyrogram.types.messages_and_media.message - Empty messages cannot be copied.
[30-Jul-24 09:21:31 - WARNING] - pyrogram.types.messages_and_media.message - Empty messages cannot be copied.
[30-Jul-24 09:21:31 - WARNING] - pyrogram.types.messages_and_media.message - Empty messages cannot be copied.
[30-Jul-24 09:26:33 - WARNING] - pyrogram.types.messages_and_media.message - Empty messages cannot be copied.
[30-Jul-24 09:43:24 - WARNING] - pyrogram.types.messages_and_media.message - Empty messages cannot be copied.
[30-Jul-24 09:43:24 - WARNING] - pyrogram.types.messages_and_media.message - Empty messages cannot be copied.
[30-Jul-24 09:54:59 - WARNING] - pyrogram.types.messages_and_media.message - Empty messages cannot be copied.
[30-Jul-24 09:54:59 - WARNING] - pyrogram.types.messages_and_media.message - Empty messages cannot be copied.
[30-Jul-24 09:55:05 - WARNING] - pyrogram.types.messages_and_media.message - Empty messages cannot be copied.
[30-Jul-24 09:55:05 - WARNING] - pyrogram.types.messages_and_media.message - Empty messages cannot be copied.
[30-Jul-24 10:46:23 - WARNING] - pyrogram.types.messages_and_media.message - Empty messages cannot be copied.
[30-Jul-24 10:46:24 - WARNING] - pyrogram.types.messages_and_media.message - Empty messages cannot be copied.
[30-Jul-24 12:07:41 - WARNING] - pyrogram.types.messages_and_media.message - Empty messages cannot be copied.
[30-Jul-24 13:18:35 - WARNING] - pyrogram.types.messages_and_media.message - Empty messages cannot be copied.
[30-Jul-24 13:18:36 - WARNING] - pyrogram.types.messages_and_media.message - Empty messages cannot be copied.
[30-Jul-24 13:42:40 - WARNING] - pyrogram.types.messages_and_media.message - Empty messages cannot be copied.
[30-Jul-24 14:40:56 - WARNING] - pyrogram.types.messages_and_media.message - Empty messages cannot be copied.
[30-Jul-24 16:21:46 - WARNING] - pyrogram.types.messages_and_media.message - Empty messages cannot be copied.
[30-Jul-24 16:21:51 - WARNING] - pyrogram.types.messages_and_media.message - Empty messages cannot be copied.
[30-Jul-24 16:22:21 - WARNING] - pyrogram.types.messages_and_media.message - Empty messages cannot be copied.
[30-Jul-24 16:25:38 - WARNING] - pyrogram.types.messages_and_media.message - Empty messages cannot be copied.
[30-Jul-24 16:25:39 - WARNING] - pyrogram.types.messages_and_media.message - Empty messages cannot be copied.
[30-Jul-24 16:25:39 - WARNING] - pyrogram.types.messages_and_media.message - Empty messages cannot be copied.
[30-Jul-24 16:25:40 - WARNING] - pyrogram.types.messages_and_media.message - Empty messages cannot be copied.
[30-Jul-24 16:25:40 - WARNING] - pyrogram.types.messages_and_media.message - Empty messages cannot be copied.
[30-Jul-24 16:25:41 - WARNING] - pyrogram.types.messages_and_media.message - Empty messages cannot be copied.
[30-Jul-24 16:25:41 - WARNING] - pyrogram.types.messages_and_media.message - Empty messages cannot be copied.
[30-Jul-24 17:30:16 - WARNING] - pyrogram.types.messages_and_media.message - Empty messages cannot be copied.
[30-Jul-24 17:30:17 - WARNING] - pyrogram.types.messages_and_media.message - Empty messages cannot be copied.
[30-Jul-24 17:48:37 - WARNING] - pyrogram.types.messages_and_media.message - Empty messages cannot be copied.
[30-Jul-24 17:55:32 - WARNING] - pyrogram.types.messages_and_media.message - Empty messages cannot be copied.
[30-Jul-24 17:55:33 - WARNING] - pyrogram.types.messages_and_media.message - Empty messages cannot be copied.
[30-Jul-24 18:08:30 - WARNING] - pyrogram.types.messages_and_media.message - Empty messages cannot be copied.
[30-Jul-24 18:08:30 - WARNING] - pyrogram.types.messages_and_media.message - Empty messages cannot be copied.
[30-Jul-24 18:41:47 - WARNING] - pyrogram.types.messages_and_media.message - Empty messages cannot be copied.
[30-Jul-24 18:41:47 - WARNING] - pyrogram.types.messages_and_media.message - Empty messages cannot be copied.
[30-Jul-24 19:10:57 - WARNING] - pyrogram.types.messages_and_media.message - Empty messages cannot be copied.
[30-Jul-24 19:10:58 - WARNING] - pyrogram.types.messages_and_media.message - Empty messages cannot be copied.
[30-Jul-24 19:20:19 - WARNING] - pyrogram.types.messages_and_media.message - Empty messages cannot be copied.
[30-Jul-24 19:20:19 - WARNING] - pyrogram.types.messages_and_media.message - Empty messages cannot be copied.
[30-Jul-24 19:20:20 - WARNING] - pyrogram.types.messages_and_media.message - Empty messages cannot be copied.
[30-Jul-24 19:20:20 - WARNING] - pyrogram.types.messages_and_media.message - Empty messages cannot be copied.
[30-Jul-24 19:20:21 - WARNING] - pyrogram.types.messages_and_media.message - Empty messages cannot be copied.
[30-Jul-24 19:20:21 - WARNING] - pyrogram.types.messages_and_media.message - Empty messages cannot be copied.
[30-Jul-24 19:20:22 - WARNING] - pyrogram.types.messages_and_media.message - Empty messages cannot be copied.
[30-Jul-24 23:24:40 - WARNING] - pyrogram.types.messages_and_media.message - Empty messages cannot be copied.
[30-Jul-24 23:25:26 - WARNING] - pyrogram.types.messages_and_media.message - Empty messages cannot be copied.
[30-Jul-24 23:25:26 - WARNING] - pyrogram.types.messages_and_media.message - Empty messages cannot be copied.
[31-Jul-24 03:19:16 - WARNING] - pyrogram.types.messages_and_media.message - Empty messages cannot be copied.
[31-Jul-24 03:19:16 - WARNING] - pyrogram.types.messages_and_media.message - Empty messages cannot be copied.
[31-Jul-24 04:57:20 - WARNING] - pyrogram.types.messages_and_media.message - Empty messages cannot be copied.
[31-Jul-24 04:57:21 - WARNING] - pyrogram.types.messages_and_media.message - Empty messages cannot be copied.
[31-Jul-24 06:08:33 - WARNING] - pyrogram.types.messages_and_media.message - Empty messages cannot be copied.
[31-Jul-24 06:08:33 - WARNING] - pyrogram.types.messages_and_media.message - Empty messages cannot be copied.
[31-Jul-24 06:08:34 - WARNING] - pyrogram.types.messages_and_media.message - Empty messages cannot be copied.
[31-Jul-24 06:08:34 - WARNING] - pyrogram.types.messages_and_media.message - Empty messages cannot be copied.
[31-Jul-24 06:08:35 - WARNING] - pyrogram.types.messages_and_media.message - Empty messages cannot be copied.
[31-Jul-24 06:08:35 - WARNING] - pyrogram.types.messages_and_media.message - Empty messages cannot be copied.
[31-Jul-24 06:08:36 - WARNING] - pyrogram.types.messages_and_media.message - Empty messages cannot be copied.
[31-Jul-24 06:39:59 - WARNING] - pyrogram.types.messages_and_media.message - Empty messages cannot be copied.
[31-Jul-24 06:43:24 - WARNING] - pyrogram.types.messages_and_media.message - Empty messages cannot be copied.
[31-Jul-24 07:22:55 - WARNING] - pyrogram.types.messages_and_media.message - Empty messages cannot be copied.
[31-Jul-24 08:25:33 - WARNING] - pyrogram.types.messages_and_media.message - Empty messages cannot be copied.
[31-Jul-24 08:25:34 - WARNING] - pyrogram.types.messages_and_media.message - Empty messages cannot be copied.
[31-Jul-24 09:03:07 - WARNING] - pyrogram.types.messages_and_media.message - Empty messages cannot be copied.
[31-Jul-24 09:21:54 - WARNING] - pyrogram.types.messages_and_media.message - Empty messages cannot be copied.
[31-Jul-24 09:21:55 - WARNING] - pyrogram.types.messages_and_media.message - Empty messages cannot be copied.
[31-Jul-24 09:26:14 - WARNING] - pyrogram.types.messages_and_media.message - Empty messages cannot be copied.
[31-Jul-24 09:26:15 - WARNING] - pyrogram.types.messages_and_media.message - Empty messages cannot be copied.
[31-Jul-24 09:26:15 - WARNING] - pyrogram.types.messages_and_media.message - Empty messages cannot be copied.
[31-Jul-24 09:26:16 - WARNING] - pyrogram.types.messages_and_media.message - Empty messages cannot be copied.
[31-Jul-24 09:26:16 - WARNING] - pyrogram.types.messages_and_media.message - Empty messages cannot be copied.
[31-Jul-24 09:26:17 - WARNING] - pyrogram.types.messages_and_media.message - Empty messages cannot be copied.
[31-Jul-24 09:26:17 - WARNING] - pyrogram.types.messages_and_media.message - Empty messages cannot be copied.
[31-Jul-24 09:29:36 - WARNING] - pyrogram.types.messages_and_media.message - Empty messages cannot be copied.
[31-Jul-24 09:38:11 - WARNING] - pyrogram.types.messages_and_media.message - Empty messages cannot be copied.
[31-Jul-24 09:38:16 - WARNING] - pyrogram.types.messages_and_media.message - Empty messages cannot be copied.
[31-Jul-24 10:45:35 - WARNING] - pyrogram.types.messages_and_media.message - Empty messages cannot be copied.
[31-Jul-24 11:48:51 - WARNING] - pyrogram.types.messages_and_media.message - Empty messages cannot be copied.
[31-Jul-24 11:48:52 - WARNING] - pyrogram.types.messages_and_media.message - Empty messages cannot be copied.
[31-Jul-24 14:34:53 - WARNING] - pyrogram.types.messages_and_media.message - Empty messages cannot be copied.
[31-Jul-24 14:34:54 - WARNING] - pyrogram.types.messages_and_media.message - Empty messages cannot be copied.
[31-Jul-24 15:02:04 - WARNING] - pyrogram.types.messages_and_media.message - Empty messages cannot be copied.
[31-Jul-24 15:02:21 - WARNING] - pyrogram.types.messages_and_media.message - Empty messages cannot be copied.
[31-Jul-24 15:02:27 - WARNING] - pyrogram.types.messages_and_media.message - Empty messages cannot be copied.
[31-Jul-24 15:15:58 - WARNING] - pyrogram.types.messages_and_media.message - Empty messages cannot be copied.
[31-Jul-24 15:15:58 - WARNING] - pyrogram.types.messages_and_media.message - Empty messages cannot be copied.
[31-Jul-24 15:15:59 - WARNING] - pyrogram.types.messages_and_media.message - Empty messages cannot be copied.
[31-Jul-24 15:15:59 - WARNING] - pyrogram.types.messages_and_media.message - Empty messages cannot be copied.
[31-Jul-24 15:16:00 - WARNING] - pyrogram.types.messages_and_media.message - Empty messages cannot be copied.
[31-Jul-24 15:16:00 - WARNING] - pyrogram.types.messages_and_media.message - Empty messages cannot be copied.
[31-Jul-24 15:16:01 - WARNING] - pyrogram.types.messages_and_media.message - Empty messages cannot be copied.
[31-Jul-24 15:29:55 - WARNING] - pyrogram.types.messages_and_media.message - Empty messages cannot be copied.
[31-Jul-24 15:30:00 - WARNING] - pyrogram.types.messages_and_media.message - Empty messages cannot be copied.
[31-Jul-24 15:48:47 - WARNING] - pyrogram.types.messages_and_media.message - Empty messages cannot be copied.
[31-Jul-24 15:48:47 - WARNING] - pyrogram.types.messages_and_media.message - Empty messages cannot be copied.
[31-Jul-24 15:51:13 - WARNING] - pyrogram.types.messages_and_media.message - Empty messages cannot be copied.
[31-Jul-24 15:51:13 - WARNING] - pyrogram.types.messages_and_media.message - Empty messages cannot be copied.
[31-Jul-24 16:06:25 - WARNING] - pyrogram.types.messages_and_media.message - Empty messages cannot be copied.
[31-Jul-24 16:31:52 - WARNING] - pyrogram.types.messages_and_media.message - Empty messages cannot be copied.
[31-Jul-24 16:31:52 - WARNING] - pyrogram.types.messages_and_media.message - Empty messages cannot be copied.
[31-Jul-24 16:58:53 - WARNING] - pyrogram.types.messages_and_media.message - Empty messages cannot be copied.
[31-Jul-24 16:58:53 - WARNING] - pyrogram.types.messages_and_media.message - Empty messages cannot be copied.
[31-Jul-24 18:02:59 - WARNING] - pyrogram.types.messages_and_media.message - Empty messages cannot be copied.
[31-Jul-24 18:08:54 - WARNING] - pyrogram.types.messages_and_media.message - Empty messages cannot be copied.
[31-Jul-24 18:08:59 - WARNING] - pyrogram.types.messages_and_media.message - Empty messages cannot be copied.
[31-Jul-24 18:20:17 - WARNING] - pyrogram.types.messages_and_media.message - Empty messages cannot be copied.
[31-Jul-24 18:20:18 - WARNING] - pyrogram.types.messages_and_media.message - Empty messages cannot be copied.
[31-Jul-24 18:32:50 - WARNING] - pyrogram.types.messages_and_media.message - Empty messages cannot be copied.
[31-Jul-24 18:32:51 - WARNING] - pyrogram.types.messages_and_media.message - Empty messages cannot be copied.
[31-Jul-24 21:40:51 - WARNING] - pyrogram.types.messages_and_media.message - Empty messages cannot be copied.
[31-Jul-24 22:13:33 - WARNING] - pyrogram.types.messages_and_media.message - Empty messages cannot be copied.
[31-Jul-24 22:13:34 - WARNING] - pyrogram.types.messages_and_media.message - Empty messages cannot be copied.
[31-Jul-24 22:13:34 - WARNING] - pyrogram.types.messages_and_media.message - Empty messages cannot be copied.
[31-Jul-24 22:13:35 - WARNING] - pyrogram.types.messages_and_media.message - Empty messages cannot be copied.
[31-Jul-24 22:13:35 - WARNING] - pyrogram.types.messages_and_media.message - Empty messages cannot be copied.
[31-Jul-24 22:13:36 - WARNING] - pyrogram.types.messages_and_media.message - Empty messages cannot be copied.
[31-Jul-24 22:13:36 - WARNING] - pyrogram.types.messages_and_media.message - Empty messages cannot be copied.
[31-Jul-24 23:32:13 - WARNING] - pyrogram.types.messages_and_media.message - Empty messages cannot be copied.
[31-Jul-24 23:32:14 - WARNING] - pyrogram.types.messages_and_media.message - Empty messages cannot be copied.
[31-Jul-24 23:35:51 - WARNING] - pyrogram.types.messages_and_media.message - Empty messages cannot be copied.
[31-Jul-24 23:35:52 - WARNING] - pyrogram.types.messages_and_media.message - Empty messages cannot be copied.
[31-Jul-24 23:35:52 - WARNING] - pyrogram.types.messages_and_media.message - Empty messages cannot be copied.
[31-Jul-24 23:35:53 - WARNING] - pyrogram.types.messages_and_media.message - Empty messages cannot be copied.
[31-Jul-24 23:35:53 - WARNING] - pyrogram.types.messages_and_media.message - Empty messages cannot be copied.
[31-Jul-24 23:35:54 - WARNING] - pyrogram.types.messages_and_media.message - Empty messages cannot be copied.
[31-Jul-24 23:35:54 - WARNING] - pyrogram.types.messages_and_media.message - Empty messages cannot be copied.
[01-Aug-24 02:46:20 - WARNING] - pyrogram.types.messages_and_media.message - Empty messages cannot be copied.
[01-Aug-24 02:50:54 - WARNING] - pyrogram.types.messages_and_media.message - Empty messages cannot be copied.
[01-Aug-24 03:05:30 - WARNING] - pyrogram.types.messages_and_media.message - Empty messages cannot be copied.
[01-Aug-24 03:05:30 - WARNING] - pyrogram.types.messages_and_media.message - Empty messages cannot be copied.
[01-Aug-24 03:05:31 - WARNING] - pyrogram.types.messages_and_media.message - Empty messages cannot be copied.
[01-Aug-24 03:05:48 - WARNING] - pyrogram.types.messages_and_media.message - Empty messages cannot be copied.
[01-Aug-24 03:08:44 - WARNING] - pyrogram.types.messages_and_media.message - Empty messages cannot be copied.
[01-Aug-24 03:08:44 - WARNING] - pyrogram.types.messages_and_media.message - Empty messages cannot be copied.
[01-Aug-24 03:08:45 - WARNING] - pyrogram.types.messages_and_media.message - Empty messages cannot be copied.
[01-Aug-24 03:09:01 - WARNING] - pyrogram.types.messages_and_media.message - Empty messages cannot be copied.
[01-Aug-24 03:10:21 - WARNING] - pyrogram.types.messages_and_media.message - Empty messages cannot be copied.
[01-Aug-24 03:10:26 - WARNING] - pyrogram.types.messages_and_media.message - Empty messages cannot be copied.
[01-Aug-24 03:13:37 - WARNING] - pyrogram.types.messages_and_media.message - Empty messages cannot be copied.
[01-Aug-24 03:13:37 - WARNING] - pyrogram.types.messages_and_media.message - Empty messages cannot be copied.
[01-Aug-24 03:13:38 - WARNING] - pyrogram.types.messages_and_media.message - Empty messages cannot be copied.
[01-Aug-24 03:13:53 - WARNING] - pyrogram.types.messages_and_media.message - Empty messages cannot be copied.
[01-Aug-24 03:24:22 - WARNING] - pyrogram.types.messages_and_media.message - Empty messages cannot be copied.
[01-Aug-24 03:24:23 - WARNING] - pyrogram.types.messages_and_media.message - Empty messages cannot be copied.
[01-Aug-24 03:24:23 - WARNING] - pyrogram.types.messages_and_media.message - Empty messages cannot be copied.
[01-Aug-24 03:24:39 - WARNING] - pyrogram.types.messages_and_media.message - Empty messages cannot be copied.
[01-Aug-24 03:25:55 - WARNING] - pyrogram.types.messages_and_media.message - Empty messages cannot be copied.
[01-Aug-24 03:25:55 - WARNING] - pyrogram.types.messages_and_media.message - Empty messages cannot be copied.
[01-Aug-24 03:25:56 - WARNING] - pyrogram.types.messages_and_media.message - Empty messages cannot be copied.
[01-Aug-24 03:26:11 - WARNING] - pyrogram.types.messages_and_media.message - Empty messages cannot be copied.
[01-Aug-24 03:27:35 - WARNING] - pyrogram.types.messages_and_media.message - Empty messages cannot be copied.
[01-Aug-24 03:27:40 - WARNING] - pyrogram.types.messages_and_media.message - Empty messages cannot be copied.
[01-Aug-24 03:30:51 - WARNING] - pyrogram.types.messages_and_media.message - Empty messages cannot be copied.
[01-Aug-24 03:30:52 - WARNING] - pyrogram.types.messages_and_media.message - Empty messages cannot be copied.
[01-Aug-24 03:30:52 - WARNING] - pyrogram.types.messages_and_media.message - Empty messages cannot be copied.
[01-Aug-24 03:31:08 - WARNING] - pyrogram.types.messages_and_media.message - Empty messages cannot be copied.
[01-Aug-24 03:32:41 - WARNING] - pyrogram.types.messages_and_media.message - Empty messages cannot be copied.
[01-Aug-24 03:32:46 - WARNING] - pyrogram.types.messages_and_media.message - Empty messages cannot be copied.
[01-Aug-24 03:33:46 - WARNING] - pyrogram.types.messages_and_media.message - Empty messages cannot be copied.
[01-Aug-24 03:33:47 - WARNING] - pyrogram.types.messages_and_media.message - Empty messages cannot be copied.
[01-Aug-24 03:33:47 - WARNING] - pyrogram.types.messages_and_media.message - Empty messages cannot be copied.
[01-Aug-24 03:34:03 - WARNING] - pyrogram.types.messages_and_media.message - Empty messages cannot be copied.
[01-Aug-24 03:39:18 - WARNING] - pyrogram.types.messages_and_media.message - Empty messages cannot be copied.
[01-Aug-24 03:39:23 - WARNING] - pyrogram.types.messages_and_media.message - Empty messages cannot be copied.
[01-Aug-24 03:40:59 - WARNING] - pyrogram.types.messages_and_media.message - Empty messages cannot be copied.
[01-Aug-24 03:40:59 - WARNING] - pyrogram.types.messages_and_media.message - Empty messages cannot be copied.
[01-Aug-24 03:41:00 - WARNING] - pyrogram.types.messages_and_media.message - Empty messages cannot be copied.
[01-Aug-24 03:41:16 - WARNING] - pyrogram.types.messages_and_media.message - Empty messages cannot be copied.
[01-Aug-24 03:41:42 - WARNING] - pyrogram.types.messages_and_media.message - Empty messages cannot be copied.
[01-Aug-24 03:41:42 - WARNING] - pyrogram.types.messages_and_media.message - Empty messages cannot be copied.
[01-Aug-24 03:41:43 - WARNING] - pyrogram.types.messages_and_media.message - Empty messages cannot be copied.
[01-Aug-24 03:41:59 - WARNING] - pyrogram.types.messages_and_media.message - Empty messages cannot be copied.
[01-Aug-24 03:51:39 - WARNING] - pyrogram.types.messages_and_media.message - Empty messages cannot be copied.
[01-Aug-24 03:51:39 - WARNING] - pyrogram.types.messages_and_media.message - Empty messages cannot be copied.
[01-Aug-24 03:51:40 - WARNING] - pyrogram.types.messages_and_media.message - Empty messages cannot be copied.
[01-Aug-24 03:51:55 - WARNING] - pyrogram.types.messages_and_media.message - Empty messages cannot be copied.
[01-Aug-24 03:52:53 - WARNING] - pyrogram.types.messages_and_media.message - Empty messages cannot be copied.
[01-Aug-24 03:52:59 - WARNING] - pyrogram.types.messages_and_media.message - Empty messages cannot be copied.
[01-Aug-24 03:55:47 - WARNING] - pyrogram.types.messages_and_media.message - Empty messages cannot be copied.
[01-Aug-24 04:16:51 - WARNING] - pyrogram.types.messages_and_media.message - Empty messages cannot be copied.
[01-Aug-24 04:16:51 - WARNING] - pyrogram.types.messages_and_media.message - Empty messages cannot be copied.
[01-Aug-24 04:16:52 - WARNING] - pyrogram.types.messages_and_media.message - Empty messages cannot be copied.
[01-Aug-24 04:17:07 - WARNING] - pyrogram.types.messages_and_media.message - Empty messages cannot be copied.
[01-Aug-24 04:23:53 - WARNING] - pyrogram.types.messages_and_media.message - Empty messages cannot be copied.
[01-Aug-24 04:23:58 - WARNING] - pyrogram.types.messages_and_media.message - Empty messages cannot be copied.
[01-Aug-24 04:51:08 - WARNING] - pyrogram.types.messages_and_media.message - Empty messages cannot be copied.
[01-Aug-24 04:51:08 - WARNING] - pyrogram.types.messages_and_media.message - Empty messages cannot be copied.
[01-Aug-24 04:51:09 - WARNING] - pyrogram.types.messages_and_media.message - Empty messages cannot be copied.
[01-Aug-24 04:51:25 - WARNING] - pyrogram.types.messages_and_media.message - Empty messages cannot be copied.
[01-Aug-24 04:52:08 - WARNING] - pyrogram.types.messages_and_media.message - Empty messages cannot be copied.
[01-Aug-24 04:52:13 - WARNING] - pyrogram.types.messages_and_media.message - Empty messages cannot be copied.
[01-Aug-24 04:58:22 - WARNING] - pyrogram.types.messages_and_media.message - Empty messages cannot be copied.
[01-Aug-24 04:58:23 - WARNING] - pyrogram.types.messages_and_media.message - Empty messages cannot be copied.
[01-Aug-24 04:58:23 - WARNING] - pyrogram.types.messages_and_media.message - Empty messages cannot be copied.
[01-Aug-24 04:58:40 - WARNING] - pyrogram.types.messages_and_media.message - Empty messages cannot be copied.
[01-Aug-24 05:16:56 - WARNING] - pyrogram.types.messages_and_media.message - Empty messages cannot be copied.
[01-Aug-24 05:16:57 - WARNING] - pyrogram.types.messages_and_media.message - Empty messages cannot be copied.
[01-Aug-24 05:16:57 - WARNING] - pyrogram.types.messages_and_media.message - Empty messages cannot be copied.
[01-Aug-24 05:17:04 - WARNING] - pyrogram.types.messages_and_media.message - Empty messages cannot be copied.
[01-Aug-24 05:17:04 - WARNING] - pyrogram.types.messages_and_media.message - Empty messages cannot be copied.
[01-Aug-24 05:17:05 - WARNING] - pyrogram.types.messages_and_media.message - Empty messages cannot be copied.
[01-Aug-24 05:17:14 - WARNING] - pyrogram.types.messages_and_media.message - Empty messages cannot be copied.
[01-Aug-24 05:17:21 - WARNING] - pyrogram.types.messages_and_media.message - Empty messages cannot be copied.
[01-Aug-24 05:19:20 - WARNING] - pyrogram.types.messages_and_media.message - Empty messages cannot be copied.
[01-Aug-24 05:19:21 - WARNING] - pyrogram.types.messages_and_media.message - Empty messages cannot be copied.
[01-Aug-24 05:19:21 - WARNING] - pyrogram.types.messages_and_media.message - Empty messages cannot be copied.
[01-Aug-24 05:19:22 - WARNING] - pyrogram.types.messages_and_media.message - Empty messages cannot be copied.
[01-Aug-24 05:19:22 - WARNING] - pyrogram.types.messages_and_media.message - Empty messages cannot be copied.
[01-Aug-24 05:19:23 - WARNING] - pyrogram.types.messages_and_media.message - Empty messages cannot be copied.
[01-Aug-24 05:19:23 - WARNING] - pyrogram.types.messages_and_media.message - Empty messages cannot be copied.
[01-Aug-24 05:28:08 - WARNING] - pyrogram.types.messages_and_media.message - Empty messages cannot be copied.
[01-Aug-24 05:30:12 - WARNING] - pyrogram.types.messages_and_media.message - Empty messages cannot be copied.
[01-Aug-24 05:30:13 - WARNING] - pyrogram.types.messages_and_media.message - Empty messages cannot be copied.
[01-Aug-24 05:30:24 - WARNING] - pyrogram.types.messages_and_media.message - Empty messages cannot be copied.
[01-Aug-24 05:30:24 - WARNING] - pyrogram.types.messages_and_media.message - Empty messages cannot be copied.
[01-Aug-24 05:30:25 - WARNING] - pyrogram.types.messages_and_media.message - Empty messages cannot be copied.
[01-Aug-24 05:30:41 - WARNING] - pyrogram.types.messages_and_media.message - Empty messages cannot be copied.
[01-Aug-24 05:44:08 - WARNING] - pyrogram.types.messages_and_media.message - Empty messages cannot be copied.
[01-Aug-24 05:44:09 - WARNING] - pyrogram.types.messages_and_media.message - Empty messages cannot be copied.
[01-Aug-24 05:44:09 - WARNING] - pyrogram.types.messages_and_media.message - Empty messages cannot be copied.
[01-Aug-24 05:44:26 - WARNING] - pyrogram.types.messages_and_media.message - Empty messages cannot be copied.
[01-Aug-24 05:50:32 - WARNING] - pyrogram.types.messages_and_media.message - Empty messages cannot be copied.
[01-Aug-24 05:50:33 - WARNING] - pyrogram.types.messages_and_media.message - Empty messages cannot be copied.
[01-Aug-24 05:51:47 - WARNING] - pyrogram.types.messages_and_media.message - Empty messages cannot be copied.
[01-Aug-24 05:51:52 - WARNING] - pyrogram.types.messages_and_media.message - Empty messages cannot be copied.
[01-Aug-24 06:10:48 - WARNING] - pyrogram.types.messages_and_media.message - Empty messages cannot be copied.
[01-Aug-24 06:10:48 - WARNING] - pyrogram.types.messages_and_media.message - Empty messages cannot be copied.
[01-Aug-24 06:10:49 - WARNING] - pyrogram.types.messages_and_media.message - Empty messages cannot be copied.
[01-Aug-24 06:11:05 - WARNING] - pyrogram.types.messages_and_media.message - Empty messages cannot be copied.
[01-Aug-24 06:14:17 - WARNING] - pyrogram.types.messages_and_media.message - Empty messages cannot be copied.
[01-Aug-24 06:14:22 - WARNING] - pyrogram.types.messages_and_media.message - Empty messages cannot be copied.
[01-Aug-24 06:19:06 - WARNING] - pyrogram.types.messages_and_media.message - Empty messages cannot be copied.
[01-Aug-24 06:19:06 - WARNING] - pyrogram.types.messages_and_media.message - Empty messages cannot be copied.
[01-Aug-24 06:19:07 - WARNING] - pyrogram.types.messages_and_media.message - Empty messages cannot be copied.
[01-Aug-24 06:19:23 - WARNING] - pyrogram.types.messages_and_media.message - Empty messages cannot be copied.
[01-Aug-24 06:20:37 - WARNING] - pyrogram.types.messages_and_media.message - Empty messages cannot be copied.
[01-Aug-24 06:20:42 - WARNING] - pyrogram.types.messages_and_media.message - Empty messages cannot be copied.
[01-Aug-24 06:30:31 - WARNING] - pyrogram.types.messages_and_media.message - Empty messages cannot be copied.
[01-Aug-24 06:30:31 - WARNING] - pyrogram.types.messages_and_media.message - Empty messages cannot be copied.
[01-Aug-24 06:30:32 - WARNING] - pyrogram.types.messages_and_media.message - Empty messages cannot be copied.
[01-Aug-24 06:30:48 - WARNING] - pyrogram.types.messages_and_media.message - Empty messages cannot be copied.
[01-Aug-24 07:08:22 - WARNING] - pyrogram.types.messages_and_media.message - Empty messages cannot be copied.
[01-Aug-24 07:08:22 - WARNING] - pyrogram.types.messages_and_media.message - Empty messages cannot be copied.
[01-Aug-24 07:08:23 - WARNING] - pyrogram.types.messages_and_media.message - Empty messages cannot be copied.
[01-Aug-24 07:08:39 - WARNING] - pyrogram.types.messages_and_media.message - Empty messages cannot be copied.
[01-Aug-24 07:09:31 - WARNING] - pyrogram.types.messages_and_media.message - Empty messages cannot be copied.
[01-Aug-24 07:09:36 - WARNING] - pyrogram.types.messages_and_media.message - Empty messages cannot be copied.
[01-Aug-24 07:12:22 - WARNING] - pyrogram.types.messages_and_media.message - Empty messages cannot be copied.
[01-Aug-24 07:12:27 - WARNING] - pyrogram.types.messages_and_media.message - Empty messages cannot be copied.
[01-Aug-24 07:15:41 - WARNING] - pyrogram.types.messages_and_media.message - Empty messages cannot be copied.
[01-Aug-24 07:15:42 - WARNING] - pyrogram.types.messages_and_media.message - Empty messages cannot be copied.
[01-Aug-24 07:15:42 - WARNING] - pyrogram.types.messages_and_media.message - Empty messages cannot be copied.
[01-Aug-24 07:15:48 - WARNING] - pyrogram.types.messages_and_media.message - Empty messages cannot be copied.
[01-Aug-24 07:15:53 - WARNING] - pyrogram.types.messages_and_media.message - Empty messages cannot be copied.
[01-Aug-24 07:15:59 - WARNING] - pyrogram.types.messages_and_media.message - Empty messages cannot be copied.
[01-Aug-24 07:35:58 - WARNING] - pyrogram.types.messages_and_media.message - Empty messages cannot be copied.
[01-Aug-24 07:35:58 - WARNING] - pyrogram.types.messages_and_media.message - Empty messages cannot be copied.
[01-Aug-24 07:35:59 - WARNING] - pyrogram.types.messages_and_media.message - Empty messages cannot be copied.
[01-Aug-24 07:36:15 - WARNING] - pyrogram.types.messages_and_media.message - Empty messages cannot be copied.
[01-Aug-24 07:49:42 - WARNING] - pyrogram.types.messages_and_media.message - Empty messages cannot be copied.
[01-Aug-24 07:49:43 - WARNING] - pyrogram.types.messages_and_media.message - Empty messages cannot be copied.
[01-Aug-24 07:49:43 - WARNING] - pyrogram.types.messages_and_media.message - Empty messages cannot be copied.
[01-Aug-24 07:50:00 - WARNING] - pyrogram.types.messages_and_media.message - Empty messages cannot be copied.
[01-Aug-24 08:08:16 - WARNING] - pyrogram.types.messages_and_media.message - Empty messages cannot be copied.
[01-Aug-24 08:08:21 - WARNING] - pyrogram.types.messages_and_media.message - Empty messages cannot be copied.
[01-Aug-24 08:11:29 - WARNING] - pyrogram.types.messages_and_media.message - Empty messages cannot be copied.
[01-Aug-24 08:11:29 - WARNING] - pyrogram.types.messages_and_media.message - Empty messages cannot be copied.
[01-Aug-24 08:11:34 - WARNING] - pyrogram.types.messages_and_media.message - Empty messages cannot be copied.
[01-Aug-24 08:11:34 - WARNING] - pyrogram.types.messages_and_media.message - Empty messages cannot be copied.
[01-Aug-24 08:12:01 - WARNING] - pyrogram.types.messages_and_media.message - Empty messages cannot be copied.
[01-Aug-24 08:12:02 - WARNING] - pyrogram.types.messages_and_media.message - Empty messages cannot be copied.
[01-Aug-24 08:12:02 - WARNING] - pyrogram.types.messages_and_media.message - Empty messages cannot be copied.
[01-Aug-24 08:12:18 - WARNING] - pyrogram.types.messages_and_media.message - Empty messages cannot be copied.
[01-Aug-24 08:27:41 - WARNING] - pyrogram.types.messages_and_media.message - Empty messages cannot be copied.
[01-Aug-24 08:27:42 - WARNING] - pyrogram.types.messages_and_media.message - Empty messages cannot be copied.
[01-Aug-24 08:27:42 - WARNING] - pyrogram.types.messages_and_media.message - Empty messages cannot be copied.
[01-Aug-24 08:27:59 - WARNING] - pyrogram.types.messages_and_media.message - Empty messages cannot be copied.
[01-Aug-24 09:19:53 - WARNING] - pyrogram.types.messages_and_media.message - Empty messages cannot be copied.
[01-Aug-24 09:19:53 - WARNING] - pyrogram.types.messages_and_media.message - Empty messages cannot be copied.
[01-Aug-24 09:19:54 - WARNING] - pyrogram.types.messages_and_media.message - Empty messages cannot be copied.
[01-Aug-24 09:20:10 - WARNING] - pyrogram.types.messages_and_media.message - Empty messages cannot be copied.
[01-Aug-24 09:23:06 - WARNING] - pyrogram.types.messages_and_media.message - Empty messages cannot be copied.
[01-Aug-24 09:23:12 - WARNING] - pyrogram.types.messages_and_media.message - Empty messages cannot be copied.
[01-Aug-24 09:38:10 - WARNING] - pyrogram.types.messages_and_media.message - Empty messages cannot be copied.
[01-Aug-24 09:38:11 - WARNING] - pyrogram.types.messages_and_media.message - Empty messages cannot be copied.
[01-Aug-24 09:38:11 - WARNING] - pyrogram.types.messages_and_media.message - Empty messages cannot be copied.
[01-Aug-24 09:38:27 - WARNING] - pyrogram.types.messages_and_media.message - Empty messages cannot be copied.
[01-Aug-24 09:38:51 - WARNING] - pyrogram.types.messages_and_media.message - Empty messages cannot be copied.
[01-Aug-24 09:38:51 - WARNING] - pyrogram.types.messages_and_media.message - Empty messages cannot be copied.
[01-Aug-24 09:38:52 - WARNING] - pyrogram.types.messages_and_media.message - Empty messages cannot be copied.
[01-Aug-24 09:39:08 - WARNING] - pyrogram.types.messages_and_media.message - Empty messages cannot be copied.
[01-Aug-24 09:49:58 - WARNING] - pyrogram.types.messages_and_media.message - Empty messages cannot be copied.
[01-Aug-24 09:49:58 - WARNING] - pyrogram.types.messages_and_media.message - Empty messages cannot be copied.
[01-Aug-24 09:49:59 - WARNING] - pyrogram.types.messages_and_media.message - Empty messages cannot be copied.
[01-Aug-24 09:50:15 - WARNING] - pyrogram.types.messages_and_media.message - Empty messages cannot be copied.
[01-Aug-24 10:14:21 - WARNING] - pyrogram.types.messages_and_media.message - Empty messages cannot be copied.
[01-Aug-24 10:19:17 - WARNING] - pyrogram.types.messages_and_media.message - Empty messages cannot be copied.
[01-Aug-24 10:19:17 - WARNING] - pyrogram.types.messages_and_media.message - Empty messages cannot be copied.
[01-Aug-24 10:25:37 - WARNING] - pyrogram.types.messages_and_media.message - Empty messages cannot be copied.
[01-Aug-24 10:25:42 - WARNING] - pyrogram.types.messages_and_media.message - Empty messages cannot be copied.
[01-Aug-24 10:26:19 - WARNING] - pyrogram.types.messages_and_media.message - Empty messages cannot be copied.
[01-Aug-24 10:26:19 - WARNING] - pyrogram.types.messages_and_media.message - Empty messages cannot be copied.
[01-Aug-24 10:26:20 - WARNING] - pyrogram.types.messages_and_media.message - Empty messages cannot be copied.
[01-Aug-24 10:26:36 - WARNING] - pyrogram.types.messages_and_media.message - Empty messages cannot be copied.
[01-Aug-24 10:27:49 - WARNING] - pyrogram.types.messages_and_media.message - Empty messages cannot be copied.
[01-Aug-24 10:27:49 - WARNING] - pyrogram.types.messages_and_media.message - Empty messages cannot be copied.
[01-Aug-24 10:37:40 - WARNING] - pyrogram.types.messages_and_media.message - Empty messages cannot be copied.
[01-Aug-24 10:37:41 - WARNING] - pyrogram.types.messages_and_media.message - Empty messages cannot be copied.
[01-Aug-24 11:01:53 - WARNING] - pyrogram.types.messages_and_media.message - Empty messages cannot be copied.
[01-Aug-24 11:01:53 - WARNING] - pyrogram.types.messages_and_media.message - Empty messages cannot be copied.
[01-Aug-24 11:01:54 - WARNING] - pyrogram.types.messages_and_media.message - Empty messages cannot be copied.
[01-Aug-24 11:02:09 - WARNING] - pyrogram.types.messages_and_media.message - Empty messages cannot be copied.
[01-Aug-24 11:20:05 - WARNING] - pyrogram.types.messages_and_media.message - Empty messages cannot be copied.
[01-Aug-24 11:20:06 - WARNING] - pyrogram.types.messages_and_media.message - Empty messages cannot be copied.
[01-Aug-24 11:20:06 - WARNING] - pyrogram.types.messages_and_media.message - Empty messages cannot be copied.
[01-Aug-24 11:20:23 - WARNING] - pyrogram.types.messages_and_media.message - Empty messages cannot be copied.
[01-Aug-24 11:25:05 - WARNING] - pyrogram.types.messages_and_media.message - Empty messages cannot be copied.
[01-Aug-24 11:25:06 - WARNING] - pyrogram.types.messages_and_media.message - Empty messages cannot be copied.
[01-Aug-24 11:25:06 - WARNING] - pyrogram.types.messages_and_media.message - Empty messages cannot be copied.
[01-Aug-24 11:25:22 - WARNING] - pyrogram.types.messages_and_media.message - Empty messages cannot be copied.
[01-Aug-24 12:08:05 - WARNING] - pyrogram.types.messages_and_media.message - Empty messages cannot be copied.
[01-Aug-24 12:08:06 - WARNING] - pyrogram.types.messages_and_media.message - Empty messages cannot be copied.
[01-Aug-24 12:08:06 - WARNING] - pyrogram.types.messages_and_media.message - Empty messages cannot be copied.
[01-Aug-24 12:08:22 - WARNING] - pyrogram.types.messages_and_media.message - Empty messages cannot be copied.
[01-Aug-24 12:33:00 - WARNING] - pyrogram.types.messages_and_media.message - Empty messages cannot be copied.
[01-Aug-24 12:33:00 - WARNING] - pyrogram.types.messages_and_media.message - Empty messages cannot be copied.
[01-Aug-24 12:33:01 - WARNING] - pyrogram.types.messages_and_media.message - Empty messages cannot be copied.
[01-Aug-24 12:33:17 - WARNING] - pyrogram.types.messages_and_media.message - Empty messages cannot be copied.
[01-Aug-24 12:37:18 - WARNING] - pyrogram.types.messages_and_media.message - Empty messages cannot be copied.
[01-Aug-24 12:37:23 - WARNING] - pyrogram.types.messages_and_media.message - Empty messages cannot be copied.
[01-Aug-24 12:38:33 - WARNING] - pyrogram.types.messages_and_media.message - Empty messages cannot be copied.
[01-Aug-24 12:38:38 - WARNING] - pyrogram.types.messages_and_media.message - Empty messages cannot be copied.
[01-Aug-24 12:41:02 - WARNING] - pyrogram.types.messages_and_media.message - Empty messages cannot be copied.
[01-Aug-24 12:42:41 - WARNING] - pyrogram.types.messages_and_media.message - Empty messages cannot be copied.
[01-Aug-24 12:42:41 - WARNING] - pyrogram.types.messages_and_media.message - Empty messages cannot be copied.
[01-Aug-24 12:42:42 - WARNING] - pyrogram.types.messages_and_media.message - Empty messages cannot be copied.
[01-Aug-24 12:42:58 - WARNING] - pyrogram.types.messages_and_media.message - Empty messages cannot be copied.
[01-Aug-24 12:59:14 - WARNING] - pyrogram.types.messages_and_media.message - Empty messages cannot be copied.
[01-Aug-24 12:59:15 - WARNING] - pyrogram.types.messages_and_media.message - Empty messages cannot be copied.
[01-Aug-24 12:59:15 - WARNING] - pyrogram.types.messages_and_media.message - Empty messages cannot be copied.
[01-Aug-24 12:59:31 - WARNING] - pyrogram.types.messages_and_media.message - Empty messages cannot be copied.
[01-Aug-24 13:00:36 - WARNING] - pyrogram.types.messages_and_media.message - Empty messages cannot be copied.
[01-Aug-24 13:00:41 - WARNING] - pyrogram.types.messages_and_media.message - Empty messages cannot be copied.
[01-Aug-24 13:17:31 - WARNING] - pyrogram.types.messages_and_media.message - Empty messages cannot be copied.
[01-Aug-24 13:17:31 - WARNING] - pyrogram.types.messages_and_media.message - Empty messages cannot be copied.
[01-Aug-24 13:49:24 - WARNING] - pyrogram.types.messages_and_media.message - Empty messages cannot be copied.
[01-Aug-24 13:49:24 - WARNING] - pyrogram.types.messages_and_media.message - Empty messages cannot be copied.
[01-Aug-24 13:49:25 - WARNING] - pyrogram.types.messages_and_media.message - Empty messages cannot be copied.
[01-Aug-24 13:49:41 - WARNING] - pyrogram.types.messages_and_media.message - Empty messages cannot be copied.
[01-Aug-24 13:52:04 - WARNING] - pyrogram.types.messages_and_media.message - Empty messages cannot be copied.
[01-Aug-24 13:52:10 - WARNING] - pyrogram.types.messages_and_media.message - Empty messages cannot be copied.
[01-Aug-24 14:17:54 - WARNING] - pyrogram.types.messages_and_media.message - Empty messages cannot be copied.
[01-Aug-24 14:17:55 - WARNING] - pyrogram.types.messages_and_media.message - Empty messages cannot be copied.
[01-Aug-24 14:17:55 - WARNING] - pyrogram.types.messages_and_media.message - Empty messages cannot be copied.
[01-Aug-24 14:18:12 - WARNING] - pyrogram.types.messages_and_media.message - Empty messages cannot be copied.
[01-Aug-24 15:15:59 - WARNING] - pyrogram.types.messages_and_media.message - Empty messages cannot be copied.
[01-Aug-24 15:15:59 - WARNING] - pyrogram.types.messages_and_media.message - Empty messages cannot be copied.
[01-Aug-24 15:16:00 - WARNING] - pyrogram.types.messages_and_media.message - Empty messages cannot be copied.
[01-Aug-24 15:16:17 - WARNING] - pyrogram.types.messages_and_media.message - Empty messages cannot be copied.
[01-Aug-24 15:16:27 - WARNING] - pyrogram.types.messages_and_media.message - Empty messages cannot be copied.
[01-Aug-24 15:16:32 - WARNING] - pyrogram.types.messages_and_media.message - Empty messages cannot be copied.
[01-Aug-24 16:44:40 - WARNING] - pyrogram.types.messages_and_media.message - Empty messages cannot be copied.
[01-Aug-24 16:44:40 - WARNING] - pyrogram.types.messages_and_media.message - Empty messages cannot be copied.
[01-Aug-24 16:44:41 - WARNING] - pyrogram.types.messages_and_media.message - Empty messages cannot be copied.
[01-Aug-24 16:44:57 - WARNING] - pyrogram.types.messages_and_media.message - Empty messages cannot be copied.
[01-Aug-24 16:57:09 - WARNING] - pyrogram.types.messages_and_media.message - Empty messages cannot be copied.
[01-Aug-24 16:57:09 - WARNING] - pyrogram.types.messages_and_media.message - Empty messages cannot be copied.
[01-Aug-24 16:57:10 - WARNING] - pyrogram.types.messages_and_media.message - Empty messages cannot be copied.
[01-Aug-24 16:57:26 - WARNING] - pyrogram.types.messages_and_media.message - Empty messages cannot be copied.
[01-Aug-24 17:43:23 - WARNING] - pyrogram.types.messages_and_media.message - Empty messages cannot be copied.
[01-Aug-24 17:43:23 - WARNING] - pyrogram.types.messages_and_media.message - Empty messages cannot be copied.
[01-Aug-24 17:43:24 - WARNING] - pyrogram.types.messages_and_media.message - Empty messages cannot be copied.
[01-Aug-24 17:43:39 - WARNING] - pyrogram.types.messages_and_media.message - Empty messages cannot be copied.
[01-Aug-24 17:46:02 - WARNING] - pyrogram.types.messages_and_media.message - Empty messages cannot be copied.
[01-Aug-24 17:46:07 - WARNING] - pyrogram.types.messages_and_media.message - Empty messages cannot be copied.
[01-Aug-24 17:52:39 - WARNING] - pyrogram.types.messages_and_media.message - Empty messages cannot be copied.
[01-Aug-24 17:52:40 - WARNING] - pyrogram.types.messages_and_media.message - Empty messages cannot be copied.
[01-Aug-24 17:52:40 - WARNING] - pyrogram.types.messages_and_media.message - Empty messages cannot be copied.
[01-Aug-24 17:52:56 - WARNING] - pyrogram.types.messages_and_media.message - Empty messages cannot be copied.
[01-Aug-24 18:06:51 - WARNING] - pyrogram.types.messages_and_media.message - Empty messages cannot be copied.
[01-Aug-24 18:09:02 - WARNING] - pyrogram.types.messages_and_media.message - Empty messages cannot be copied.
[01-Aug-24 18:09:02 - WARNING] - pyrogram.types.messages_and_media.message - Empty messages cannot be copied.
[01-Aug-24 18:09:03 - WARNING] - pyrogram.types.messages_and_media.message - Empty messages cannot be copied.
[01-Aug-24 18:09:19 - WARNING] - pyrogram.types.messages_and_media.message - Empty messages cannot be copied.
[01-Aug-24 18:09:31 - WARNING] - pyrogram.types.messages_and_media.message - Empty messages cannot be copied.
[01-Aug-24 18:09:32 - WARNING] - pyrogram.types.messages_and_media.message - Empty messages cannot be copied.
[01-Aug-24 18:09:32 - WARNING] - pyrogram.types.messages_and_media.message - Empty messages cannot be copied.
[01-Aug-24 18:09:48 - WARNING] - pyrogram.types.messages_and_media.message - Empty messages cannot be copied.
[01-Aug-24 18:11:26 - WARNING] - pyrogram.types.messages_and_media.message - Empty messages cannot be copied.
[01-Aug-24 18:11:31 - WARNING] - pyrogram.types.messages_and_media.message - Empty messages cannot be copied.
[01-Aug-24 18:17:20 - WARNING] - pyrogram.types.messages_and_media.message - Empty messages cannot be copied.
[01-Aug-24 18:17:21 - WARNING] - pyrogram.types.messages_and_media.message - Empty messages cannot be copied.
[01-Aug-24 18:17:21 - WARNING] - pyrogram.types.messages_and_media.message - Empty messages cannot be copied.
[01-Aug-24 18:17:37 - WARNING] - pyrogram.types.messages_and_media.message - Empty messages cannot be copied.
[01-Aug-24 18:19:22 - WARNING] - pyrogram.types.messages_and_media.message - Empty messages cannot be copied.
[01-Aug-24 18:19:23 - WARNING] - pyrogram.types.messages_and_media.message - Empty messages cannot be copied.
[01-Aug-24 18:19:23 - WARNING] - pyrogram.types.messages_and_media.message - Empty messages cannot be copied.
[01-Aug-24 18:19:23 - WARNING] - pyrogram.types.messages_and_media.message - Empty messages cannot be copied.
[01-Aug-24 18:19:23 - WARNING] - pyrogram.types.messages_and_media.message - Empty messages cannot be copied.
[01-Aug-24 18:19:24 - WARNING] - pyrogram.types.messages_and_media.message - Empty messages cannot be copied.
[01-Aug-24 18:19:39 - WARNING] - pyrogram.types.messages_and_media.message - Empty messages cannot be copied.
[01-Aug-24 18:19:39 - WARNING] - pyrogram.types.messages_and_media.message - Empty messages cannot be copied.
[01-Aug-24 18:19:58 - WARNING] - pyrogram.types.messages_and_media.message - Empty messages cannot be copied.
[01-Aug-24 18:20:03 - WARNING] - pyrogram.types.messages_and_media.message - Empty messages cannot be copied.
[01-Aug-24 18:20:16 - WARNING] - pyrogram.types.messages_and_media.message - Empty messages cannot be copied.
[01-Aug-24 18:20:17 - WARNING] - pyrogram.types.messages_and_media.message - Empty messages cannot be copied.
[01-Aug-24 18:20:17 - WARNING] - pyrogram.types.messages_and_media.message - Empty messages cannot be copied.
[01-Aug-24 18:20:33 - WARNING] - pyrogram.types.messages_and_media.message - Empty messages cannot be copied.
[01-Aug-24 18:26:20 - WARNING] - pyrogram.types.messages_and_media.message - Empty messages cannot be copied.
[01-Aug-24 18:26:21 - WARNING] - pyrogram.types.messages_and_media.message - Empty messages cannot be copied.
[01-Aug-24 18:26:21 - WARNING] - pyrogram.types.messages_and_media.message - Empty messages cannot be copied.
[01-Aug-24 18:26:37 - WARNING] - pyrogram.types.messages_and_media.message - Empty messages cannot be copied.
[01-Aug-24 18:29:16 - WARNING] - pyrogram.types.messages_and_media.message - Empty messages cannot be copied.
[01-Aug-24 18:29:17 - WARNING] - pyrogram.types.messages_and_media.message - Empty messages cannot be copied.
[01-Aug-24 18:29:18 - WARNING] - pyrogram.types.messages_and_media.message - Empty messages cannot be copied.
[01-Aug-24 18:29:33 - WARNING] - pyrogram.types.messages_and_media.message - Empty messages cannot be copied.
[01-Aug-24 18:31:21 - WARNING] - pyrogram.types.messages_and_media.message - Empty messages cannot be copied.
[01-Aug-24 18:31:26 - WARNING] - pyrogram.types.messages_and_media.message - Empty messages cannot be copied.
[01-Aug-24 18:36:27 - WARNING] - pyrogram.types.messages_and_media.message - Empty messages cannot be copied.
[01-Aug-24 18:36:28 - WARNING] - pyrogram.types.messages_and_media.message - Empty messages cannot be copied.
[01-Aug-24 18:40:01 - WARNING] - pyrogram.types.messages_and_media.message - Empty messages cannot be copied.
[01-Aug-24 18:40:01 - WARNING] - pyrogram.types.messages_and_media.message - Empty messages cannot be copied.
[01-Aug-24 18:40:02 - WARNING] - pyrogram.types.messages_and_media.message - Empty messages cannot be copied.
[01-Aug-24 18:40:18 - WARNING] - pyrogram.types.messages_and_media.message - Empty messages cannot be copied.
[01-Aug-24 18:40:42 - WARNING] - pyrogram.types.messages_and_media.message - Empty messages cannot be copied.
[01-Aug-24 18:40:42 - WARNING] - pyrogram.types.messages_and_media.message - Empty messages cannot be copied.
[01-Aug-24 18:40:43 - WARNING] - pyrogram.types.messages_and_media.message - Empty messages cannot be copied.
[01-Aug-24 18:40:58 - WARNING] - pyrogram.types.messages_and_media.message - Empty messages cannot be copied.
[01-Aug-24 18:41:48 - WARNING] - pyrogram.types.messages_and_media.message - Empty messages cannot be copied.
[01-Aug-24 18:41:48 - WARNING] - pyrogram.types.messages_and_media.message - Empty messages cannot be copied.
[01-Aug-24 18:41:49 - WARNING] - pyrogram.types.messages_and_media.message - Empty messages cannot be copied.
[01-Aug-24 18:42:04 - WARNING] - pyrogram.types.messages_and_media.message - Empty messages cannot be copied.
[01-Aug-24 18:44:07 - WARNING] - pyrogram.types.messages_and_media.message - Empty messages cannot be copied.
[01-Aug-24 18:44:12 - WARNING] - pyrogram.types.messages_and_media.message - Empty messages cannot be copied.
[01-Aug-24 18:45:14 - WARNING] - pyrogram.types.messages_and_media.message - Empty messages cannot be copied.
[01-Aug-24 18:45:14 - WARNING] - pyrogram.types.messages_and_media.message - Empty messages cannot be copied.
[01-Aug-24 18:45:15 - WARNING] - pyrogram.types.messages_and_media.message - Empty messages cannot be copied.
[01-Aug-24 18:45:31 - WARNING] - pyrogram.types.messages_and_media.message - Empty messages cannot be copied.
[01-Aug-24 18:51:38 - WARNING] - pyrogram.types.messages_and_media.message - Empty messages cannot be copied.
[01-Aug-24 18:51:39 - WARNING] - pyrogram.types.messages_and_media.message - Empty messages cannot be copied.
[01-Aug-24 18:51:39 - WARNING] - pyrogram.types.messages_and_media.message - Empty messages cannot be copied.
[01-Aug-24 18:51:55 - WARNING] - pyrogram.types.messages_and_media.message - Empty messages cannot be copied.
[01-Aug-24 19:18:00 - WARNING] - pyrogram.types.messages_and_media.message - Empty messages cannot be copied.
[01-Aug-24 19:18:00 - WARNING] - pyrogram.types.messages_and_media.message - Empty messages cannot be copied.
[01-Aug-24 19:18:01 - WARNING] - pyrogram.types.messages_and_media.message - Empty messages cannot be copied.
[01-Aug-24 19:18:01 - WARNING] - pyrogram.types.messages_and_media.message - Empty messages cannot be copied.
[01-Aug-24 19:18:02 - WARNING] - pyrogram.types.messages_and_media.message - Empty messages cannot be copied.
[01-Aug-24 19:18:02 - WARNING] - pyrogram.types.messages_and_media.message - Empty messages cannot be copied.
[01-Aug-24 19:18:03 - WARNING] - pyrogram.types.messages_and_media.message - Empty messages cannot be copied.
[01-Aug-24 19:18:17 - WARNING] - pyrogram.types.messages_and_media.message - Empty messages cannot be copied.
[01-Aug-24 19:18:18 - WARNING] - pyrogram.types.messages_and_media.message - Empty messages cannot be copied.
[01-Aug-24 19:18:18 - WARNING] - pyrogram.types.messages_and_media.message - Empty messages cannot be copied.
[01-Aug-24 19:18:34 - WARNING] - pyrogram.types.messages_and_media.message - Empty messages cannot be copied.
[01-Aug-24 19:25:25 - WARNING] - pyrogram.types.messages_and_media.message - Empty messages cannot be copied.
[01-Aug-24 19:28:39 - WARNING] - pyrogram.types.messages_and_media.message - Empty messages cannot be copied.
[01-Aug-24 19:28:40 - WARNING] - pyrogram.types.messages_and_media.message - Empty messages cannot be copied.
[01-Aug-24 19:28:40 - WARNING] - pyrogram.types.messages_and_media.message - Empty messages cannot be copied.
[01-Aug-24 19:28:56 - WARNING] - pyrogram.types.messages_and_media.message - Empty messages cannot be copied.
[01-Aug-24 19:30:46 - WARNING] - pyrogram.types.messages_and_media.message - Empty messages cannot be copied.
[01-Aug-24 19:30:51 - WARNING] - pyrogram.types.messages_and_media.message - Empty messages cannot be copied.
[01-Aug-24 19:57:08 - WARNING] - pyrogram.types.messages_and_media.message - Empty messages cannot be copied.
[01-Aug-24 19:57:08 - WARNING] - pyrogram.types.messages_and_media.message - Empty messages cannot be copied.
[01-Aug-24 19:57:09 - WARNING] - pyrogram.types.messages_and_media.message - Empty messages cannot be copied.
[01-Aug-24 19:57:25 - WARNING] - pyrogram.types.messages_and_media.message - Empty messages cannot be copied.
[01-Aug-24 20:00:42 - WARNING] - pyrogram.types.messages_and_media.message - Empty messages cannot be copied.
[01-Aug-24 20:00:47 - WARNING] - pyrogram.types.messages_and_media.message - Empty messages cannot be copied.
[01-Aug-24 20:07:18 - WARNING] - pyrogram.types.messages_and_media.message - Empty messages cannot be copied.
[01-Aug-24 20:07:19 - WARNING] - pyrogram.types.messages_and_media.message - Empty messages cannot be copied.
[01-Aug-24 20:07:19 - WARNING] - pyrogram.types.messages_and_media.message - Empty messages cannot be copied.
[01-Aug-24 20:07:35 - WARNING] - pyrogram.types.messages_and_media.message - Empty messages cannot be copied.
[01-Aug-24 20:44:53 - WARNING] - pyrogram.types.messages_and_media.message - Empty messages cannot be copied.
[01-Aug-24 20:44:53 - WARNING] - pyrogram.types.messages_and_media.message - Empty messages cannot be copied.
[01-Aug-24 20:44:54 - WARNING] - pyrogram.types.messages_and_media.message - Empty messages cannot be copied.
[01-Aug-24 20:45:09 - WARNING] - pyrogram.types.messages_and_media.message - Empty messages cannot be copied.
[01-Aug-24 20:46:54 - WARNING] - pyrogram.types.messages_and_media.message - Empty messages cannot be copied.
[01-Aug-24 20:46:55 - WARNING] - pyrogram.types.messages_and_media.message - Empty messages cannot be copied.
[01-Aug-24 20:46:55 - WARNING] - pyrogram.types.messages_and_media.message - Empty messages cannot be copied.
[01-Aug-24 20:47:11 - WARNING] - pyrogram.types.messages_and_media.message - Empty messages cannot be copied.
[01-Aug-24 20:57:03 - WARNING] - pyrogram.types.messages_and_media.message - Empty messages cannot be copied.
[01-Aug-24 20:57:08 - WARNING] - pyrogram.types.messages_and_media.message - Empty messages cannot be copied.
[01-Aug-24 20:58:59 - WARNING] - pyrogram.types.messages_and_media.message - Empty messages cannot be copied.
[01-Aug-24 20:59:00 - WARNING] - pyrogram.types.messages_and_media.message - Empty messages cannot be copied.
[01-Aug-24 20:59:00 - WARNING] - pyrogram.types.messages_and_media.message - Empty messages cannot be copied.
[01-Aug-24 20:59:16 - WARNING] - pyrogram.types.messages_and_media.message - Empty messages cannot be copied.
[01-Aug-24 20:59:19 - WARNING] - pyrogram.types.messages_and_media.message - Empty messages cannot be copied.
[01-Aug-24 20:59:24 - WARNING] - pyrogram.types.messages_and_media.message - Empty messages cannot be copied.
[01-Aug-24 22:37:49 - WARNING] - pyrogram.types.messages_and_media.message - Empty messages cannot be copied.
[01-Aug-24 22:37:49 - WARNING] - pyrogram.types.messages_and_media.message - Empty messages cannot be copied.
[02-Aug-24 00:27:44 - WARNING] - pyrogram.types.messages_and_media.message - Empty messages cannot be copied.
[02-Aug-24 00:27:44 - WARNING] - pyrogram.types.messages_and_media.message - Empty messages cannot be copied.
[02-Aug-24 00:27:45 - WARNING] - pyrogram.types.messages_and_media.message - Empty messages cannot be copied.
[02-Aug-24 00:28:00 - WARNING] - pyrogram.types.messages_and_media.message - Empty messages cannot be copied.
[02-Aug-24 01:47:08 - WARNING] - pyrogram.types.messages_and_media.message - Empty messages cannot be copied.
[02-Aug-24 01:47:09 - WARNING] - pyrogram.types.messages_and_media.message - Empty messages cannot be copied.
[02-Aug-24 01:47:09 - WARNING] - pyrogram.types.messages_and_media.message - Empty messages cannot be copied.
[02-Aug-24 01:47:25 - WARNING] - pyrogram.types.messages_and_media.message - Empty messages cannot be copied.
[02-Aug-24 02:38:22 - WARNING] - pyrogram.types.messages_and_media.message - Empty messages cannot be copied.
[02-Aug-24 02:38:22 - WARNING] - pyrogram.types.messages_and_media.message - Empty messages cannot be copied.
[02-Aug-24 02:38:23 - WARNING] - pyrogram.types.messages_and_media.message - Empty messages cannot be copied.
[02-Aug-24 02:38:39 - WARNING] - pyrogram.types.messages_and_media.message - Empty messages cannot be copied.
[02-Aug-24 02:44:29 - WARNING] - pyrogram.types.messages_and_media.message - Empty messages cannot be copied.
[02-Aug-24 02:44:29 - WARNING] - pyrogram.types.messages_and_media.message - Empty messages cannot be copied.
[02-Aug-24 02:44:30 - WARNING] - pyrogram.types.messages_and_media.message - Empty messages cannot be copied.
[02-Aug-24 02:44:46 - WARNING] - pyrogram.types.messages_and_media.message - Empty messages cannot be copied.
[02-Aug-24 02:49:42 - WARNING] - pyrogram.types.messages_and_media.message - Empty messages cannot be copied.
[02-Aug-24 02:49:43 - WARNING] - pyrogram.types.messages_and_media.message - Empty messages cannot be copied.
[02-Aug-24 02:49:43 - WARNING] - pyrogram.types.messages_and_media.message - Empty messages cannot be copied.
[02-Aug-24 02:49:44 - WARNING] - pyrogram.types.messages_and_media.message - Empty messages cannot be copied.
[02-Aug-24 02:49:44 - WARNING] - pyrogram.types.messages_and_media.message - Empty messages cannot be copied.
[02-Aug-24 02:49:45 - WARNING] - pyrogram.types.messages_and_media.message - Empty messages cannot be copied.
[02-Aug-24 02:49:45 - WARNING] - pyrogram.types.messages_and_media.message - Empty messages cannot be copied.
[02-Aug-24 03:15:24 - WARNING] - pyrogram.types.messages_and_media.message - Empty messages cannot be copied.
[02-Aug-24 03:15:25 - WARNING] - pyrogram.types.messages_and_media.message - Empty messages cannot be copied.
[02-Aug-24 03:15:25 - WARNING] - pyrogram.types.messages_and_media.message - Empty messages cannot be copied.
[02-Aug-24 03:15:41 - WARNING] - pyrogram.types.messages_and_media.message - Empty messages cannot be copied.
[02-Aug-24 03:47:49 - WARNING] - pyrogram.types.messages_and_media.message - Empty messages cannot be copied.
[02-Aug-24 03:47:54 - WARNING] - pyrogram.types.messages_and_media.message - Empty messages cannot be copied.
[02-Aug-24 03:48:37 - WARNING] - pyrogram.types.messages_and_media.message - Empty messages cannot be copied.
[02-Aug-24 03:48:38 - WARNING] - pyrogram.types.messages_and_media.message - Empty messages cannot be copied.
[02-Aug-24 03:48:38 - WARNING] - pyrogram.types.messages_and_media.message - Empty messages cannot be copied.
[02-Aug-24 03:48:54 - WARNING] - pyrogram.types.messages_and_media.message - Empty messages cannot be copied.
[02-Aug-24 04:20:25 - WARNING] - pyrogram.types.messages_and_media.message - Empty messages cannot be copied.
[02-Aug-24 04:20:25 - WARNING] - pyrogram.types.messages_and_media.message - Empty messages cannot be copied.
[02-Aug-24 04:20:26 - WARNING] - pyrogram.types.messages_and_media.message - Empty messages cannot be copied.
[02-Aug-24 04:20:42 - WARNING] - pyrogram.types.messages_and_media.message - Empty messages cannot be copied.
[02-Aug-24 04:26:10 - WARNING] - pyrogram.types.messages_and_media.message - Empty messages cannot be copied.
[02-Aug-24 04:26:16 - WARNING] - pyrogram.types.messages_and_media.message - Empty messages cannot be copied.
[02-Aug-24 04:46:42 - WARNING] - pyrogram.types.messages_and_media.message - Empty messages cannot be copied.
[02-Aug-24 04:50:29 - WARNING] - pyrogram.types.messages_and_media.message - Empty messages cannot be copied.
[02-Aug-24 04:53:08 - WARNING] - pyrogram.types.messages_and_media.message - Empty messages cannot be copied.
[02-Aug-24 04:53:13 - WARNING] - pyrogram.types.messages_and_media.message - Empty messages cannot be copied.
[02-Aug-24 05:00:24 - WARNING] - pyrogram.types.messages_and_media.message - Empty messages cannot be copied.
[02-Aug-24 05:26:12 - WARNING] - pyrogram.types.messages_and_media.message - Empty messages cannot be copied.
[02-Aug-24 05:26:13 - WARNING] - pyrogram.types.messages_and_media.message - Empty messages cannot be copied.
[02-Aug-24 05:26:13 - WARNING] - pyrogram.types.messages_and_media.message - Empty messages cannot be copied.
[02-Aug-24 05:26:29 - WARNING] - pyrogram.types.messages_and_media.message - Empty messages cannot be copied.
[02-Aug-24 05:51:37 - WARNING] - pyrogram.types.messages_and_media.message - Empty messages cannot be copied.
[02-Aug-24 05:51:37 - WARNING] - pyrogram.types.messages_and_media.message - Empty messages cannot be copied.
[02-Aug-24 07:26:01 - WARNING] - pyrogram.types.messages_and_media.message - Empty messages cannot be copied.
[02-Aug-24 07:26:01 - WARNING] - pyrogram.types.messages_and_media.message - Empty messages cannot be copied.
[02-Aug-24 07:26:02 - WARNING] - pyrogram.types.messages_and_media.message - Empty messages cannot be copied.
[02-Aug-24 07:26:18 - WARNING] - pyrogram.types.messages_and_media.message - Empty messages cannot be copied.
[02-Aug-24 07:45:52 - WARNING] - pyrogram.types.messages_and_media.message - Empty messages cannot be copied.
[02-Aug-24 07:45:52 - WARNING] - pyrogram.types.messages_and_media.message - Empty messages cannot be copied.
[02-Aug-24 07:45:53 - WARNING] - pyrogram.types.messages_and_media.message - Empty messages cannot be copied.
[02-Aug-24 07:46:09 - WARNING] - pyrogram.types.messages_and_media.message - Empty messages cannot be copied.
[02-Aug-24 08:42:38 - WARNING] - pyrogram.types.messages_and_media.message - Empty messages cannot be copied.
[02-Aug-24 08:42:38 - WARNING] - pyrogram.types.messages_and_media.message - Empty messages cannot be copied.
[02-Aug-24 08:53:44 - WARNING] - pyrogram.types.messages_and_media.message - Empty messages cannot be copied.
[02-Aug-24 08:53:44 - WARNING] - pyrogram.types.messages_and_media.message - Empty messages cannot be copied.
[02-Aug-24 08:53:45 - WARNING] - pyrogram.types.messages_and_media.message - Empty messages cannot be copied.
[02-Aug-24 08:54:01 - WARNING] - pyrogram.types.messages_and_media.message - Empty messages cannot be copied.
[02-Aug-24 09:00:05 - WARNING] - pyrogram.types.messages_and_media.message - Empty messages cannot be copied.
[02-Aug-24 09:00:06 - WARNING] - pyrogram.types.messages_and_media.message - Empty messages cannot be copied.
[02-Aug-24 09:00:06 - WARNING] - pyrogram.types.messages_and_media.message - Empty messages cannot be copied.
[02-Aug-24 09:00:23 - WARNING] - pyrogram.types.messages_and_media.message - Empty messages cannot be copied.
[02-Aug-24 09:32:21 - WARNING] - pyrogram.types.messages_and_media.message - Empty messages cannot be copied.
[02-Aug-24 09:32:21 - WARNING] - pyrogram.types.messages_and_media.message - Empty messages cannot be copied.
[02-Aug-24 09:32:22 - WARNING] - pyrogram.types.messages_and_media.message - Empty messages cannot be copied.
[02-Aug-24 09:32:38 - WARNING] - pyrogram.types.messages_and_media.message - Empty messages cannot be copied.
[02-Aug-24 10:02:19 - WARNING] - pyrogram.types.messages_and_media.message - Empty messages cannot be copied.
[02-Aug-24 10:02:19 - WARNING] - pyrogram.types.messages_and_media.message - Empty messages cannot be copied.
[02-Aug-24 10:02:20 - WARNING] - pyrogram.types.messages_and_media.message - Empty messages cannot be copied.
[02-Aug-24 10:02:20 - WARNING] - pyrogram.types.messages_and_media.message - Empty messages cannot be copied.
[02-Aug-24 10:02:21 - WARNING] - pyrogram.types.messages_and_media.message - Empty messages cannot be copied.
[02-Aug-24 10:02:21 - WARNING] - pyrogram.types.messages_and_media.message - Empty messages cannot be copied.
[02-Aug-24 10:02:22 - WARNING] - pyrogram.types.messages_and_media.message - Empty messages cannot be copied.
[02-Aug-24 10:36:34 - WARNING] - pyrogram.types.messages_and_media.message - Empty messages cannot be copied.
[02-Aug-24 10:36:34 - WARNING] - pyrogram.types.messages_and_media.message - Empty messages cannot be copied.
[02-Aug-24 10:39:05 - WARNING] - pyrogram.types.messages_and_media.message - Empty messages cannot be copied.
[02-Aug-24 10:39:05 - WARNING] - pyrogram.types.messages_and_media.message - Empty messages cannot be copied.
[02-Aug-24 10:39:06 - WARNING] - pyrogram.types.messages_and_media.message - Empty messages cannot be copied.
[02-Aug-24 10:39:22 - WARNING] - pyrogram.types.messages_and_media.message - Empty messages cannot be copied.
[02-Aug-24 10:50:33 - WARNING] - pyrogram.types.messages_and_media.message - Empty messages cannot be copied.
[02-Aug-24 10:50:34 - WARNING] - pyrogram.types.messages_and_media.message - Empty messages cannot be copied.
[02-Aug-24 10:56:53 - WARNING] - pyrogram.types.messages_and_media.message - Empty messages cannot be copied.
[02-Aug-24 10:58:26 - WARNING] - pyrogram.types.messages_and_media.message - Empty messages cannot be copied.
[02-Aug-24 10:58:31 - WARNING] - pyrogram.types.messages_and_media.message - Empty messages cannot be copied.
[02-Aug-24 11:22:58 - WARNING] - pyrogram.types.messages_and_media.message - Empty messages cannot be copied.
[02-Aug-24 11:22:58 - WARNING] - pyrogram.types.messages_and_media.message - Empty messages cannot be copied.
[02-Aug-24 11:22:59 - WARNING] - pyrogram.types.messages_and_media.message - Empty messages cannot be copied.
[02-Aug-24 11:23:15 - WARNING] - pyrogram.types.messages_and_media.message - Empty messages cannot be copied.
[02-Aug-24 11:56:59 - WARNING] - pyrogram.types.messages_and_media.message - Empty messages cannot be copied.
[02-Aug-24 11:56:59 - WARNING] - pyrogram.types.messages_and_media.message - Empty messages cannot be copied.
[02-Aug-24 11:57:00 - WARNING] - pyrogram.types.messages_and_media.message - Empty messages cannot be copied.
[02-Aug-24 11:57:17 - WARNING] - pyrogram.types.messages_and_media.message - Empty messages cannot be copied.
[02-Aug-24 13:11:26 - WARNING] - pyrogram.types.messages_and_media.message - Empty messages cannot be copied.
[02-Aug-24 13:11:27 - WARNING] - pyrogram.types.messages_and_media.message - Empty messages cannot be copied.
[02-Aug-24 13:19:15 - WARNING] - pyrogram.types.messages_and_media.message - Empty messages cannot be copied.
[02-Aug-24 14:54:05 - WARNING] - pyrogram.types.messages_and_media.message - Empty messages cannot be copied.
[02-Aug-24 14:54:05 - WARNING] - pyrogram.types.messages_and_media.message - Empty messages cannot be copied.
[02-Aug-24 14:54:06 - WARNING] - pyrogram.types.messages_and_media.message - Empty messages cannot be copied.
[02-Aug-24 14:54:22 - WARNING] - pyrogram.types.messages_and_media.message - Empty messages cannot be copied.
[02-Aug-24 15:43:32 - WARNING] - pyrogram.types.messages_and_media.message - Empty messages cannot be copied.
[02-Aug-24 15:43:32 - WARNING] - pyrogram.types.messages_and_media.message - Empty messages cannot be copied.
[02-Aug-24 15:43:33 - WARNING] - pyrogram.types.messages_and_media.message - Empty messages cannot be copied.
[02-Aug-24 15:43:49 - WARNING] - pyrogram.types.messages_and_media.message - Empty messages cannot be copied.
[02-Aug-24 15:45:11 - WARNING] - pyrogram.types.messages_and_media.message - Empty messages cannot be copied.
[02-Aug-24 15:45:16 - WARNING] - pyrogram.types.messages_and_media.message - Empty messages cannot be copied.
[02-Aug-24 17:22:10 - WARNING] - pyrogram.types.messages_and_media.message - Empty messages cannot be copied.
[02-Aug-24 17:22:11 - WARNING] - pyrogram.types.messages_and_media.message - Empty messages cannot be copied.
[02-Aug-24 17:22:11 - WARNING] - pyrogram.types.messages_and_media.message - Empty messages cannot be copied.
[02-Aug-24 17:22:28 - WARNING] - pyrogram.types.messages_and_media.message - Empty messages cannot be copied.
[02-Aug-24 17:40:26 - WARNING] - pyrogram.types.messages_and_media.message - Empty messages cannot be copied.
[02-Aug-24 17:40:27 - WARNING] - pyrogram.types.messages_and_media.message - Empty messages cannot be copied.
[02-Aug-24 17:40:27 - WARNING] - pyrogram.types.messages_and_media.message - Empty messages cannot be copied.
[02-Aug-24 17:40:43 - WARNING] - pyrogram.types.messages_and_media.message - Empty messages cannot be copied.
[02-Aug-24 17:42:11 - WARNING] - pyrogram.types.messages_and_media.message - Empty messages cannot be copied.
[02-Aug-24 17:42:11 - WARNING] - pyrogram.types.messages_and_media.message - Empty messages cannot be copied.
[02-Aug-24 17:42:12 - WARNING] - pyrogram.types.messages_and_media.message - Empty messages cannot be copied.
[02-Aug-24 17:42:28 - WARNING] - pyrogram.types.messages_and_media.message - Empty messages cannot be copied.
[02-Aug-24 17:45:26 - WARNING] - pyrogram.types.messages_and_media.message - Empty messages cannot be copied.
[02-Aug-24 17:45:31 - WARNING] - pyrogram.types.messages_and_media.message - Empty messages cannot be copied.
[02-Aug-24 17:45:39 - WARNING] - pyrogram.types.messages_and_media.message - Empty messages cannot be copied.
[02-Aug-24 17:45:39 - WARNING] - pyrogram.types.messages_and_media.message - Empty messages cannot be copied.
[02-Aug-24 17:45:40 - WARNING] - pyrogram.types.messages_and_media.message - Empty messages cannot be copied.
[02-Aug-24 17:45:56 - WARNING] - pyrogram.types.messages_and_media.message - Empty messages cannot be copied.
[02-Aug-24 17:55:18 - WARNING] - pyrogram.types.messages_and_media.message - Empty messages cannot be copied.
[02-Aug-24 17:55:18 - WARNING] - pyrogram.types.messages_and_media.message - Empty messages cannot be copied.
[02-Aug-24 18:19:35 - WARNING] - pyrogram.types.messages_and_media.message - Empty messages cannot be copied.
[02-Aug-24 18:19:36 - WARNING] - pyrogram.types.messages_and_media.message - Empty messages cannot be copied.
[02-Aug-24 18:22:09 - WARNING] - pyrogram.types.messages_and_media.message - Empty messages cannot be copied.
[02-Aug-24 18:23:08 - WARNING] - pyrogram.types.messages_and_media.message - Empty messages cannot be copied.
[02-Aug-24 18:24:42 - WARNING] - pyrogram.types.messages_and_media.message - Empty messages cannot be copied.
[02-Aug-24 18:24:42 - WARNING] - pyrogram.types.messages_and_media.message - Empty messages cannot be copied.
[02-Aug-24 18:32:44 - WARNING] - pyrogram.types.messages_and_media.message - Empty messages cannot be copied.
[02-Aug-24 18:32:44 - WARNING] - pyrogram.types.messages_and_media.message - Empty messages cannot be copied.
[02-Aug-24 18:38:21 - WARNING] - pyrogram.types.messages_and_media.message - Empty messages cannot be copied.
[02-Aug-24 18:38:22 - WARNING] - pyrogram.types.messages_and_media.message - Empty messages cannot be copied.
[02-Aug-24 18:38:22 - WARNING] - pyrogram.types.messages_and_media.message - Empty messages cannot be copied.
[02-Aug-24 18:38:38 - WARNING] - pyrogram.types.messages_and_media.message - Empty messages cannot be copied.
[02-Aug-24 18:41:03 - WARNING] - pyrogram.types.messages_and_media.message - Empty messages cannot be copied.
[02-Aug-24 18:41:08 - WARNING] - pyrogram.types.messages_and_media.message - Empty messages cannot be copied.
[02-Aug-24 19:08:09 - WARNING] - pyrogram.types.messages_and_media.message - Empty messages cannot be copied.
[02-Aug-24 19:08:09 - WARNING] - pyrogram.types.messages_and_media.message - Empty messages cannot be copied.
[02-Aug-24 19:08:10 - WARNING] - pyrogram.types.messages_and_media.message - Empty messages cannot be copied.
[02-Aug-24 19:08:23 - WARNING] - pyrogram.types.messages_and_media.message - Empty messages cannot be copied.
[02-Aug-24 19:08:26 - WARNING] - pyrogram.types.messages_and_media.message - Empty messages cannot be copied.
[02-Aug-24 19:08:28 - WARNING] - pyrogram.types.messages_and_media.message - Empty messages cannot be copied.
[02-Aug-24 19:27:50 - WARNING] - pyrogram.types.messages_and_media.message - Empty messages cannot be copied.
[02-Aug-24 19:27:51 - WARNING] - pyrogram.types.messages_and_media.message - Empty messages cannot be copied.
[02-Aug-24 19:27:51 - WARNING] - pyrogram.types.messages_and_media.message - Empty messages cannot be copied.
[02-Aug-24 19:28:07 - WARNING] - pyrogram.types.messages_and_media.message - Empty messages cannot be copied.
[02-Aug-24 19:28:42 - WARNING] - pyrogram.types.messages_and_media.message - Empty messages cannot be copied.
[02-Aug-24 19:28:43 - WARNING] - pyrogram.types.messages_and_media.message - Empty messages cannot be copied.
[02-Aug-24 19:28:43 - WARNING] - pyrogram.types.messages_and_media.message - Empty messages cannot be copied.
[02-Aug-24 19:28:59 - WARNING] - pyrogram.types.messages_and_media.message - Empty messages cannot be copied.
[02-Aug-24 19:34:33 - WARNING] - pyrogram.types.messages_and_media.message - Empty messages cannot be copied.
[02-Aug-24 19:34:34 - WARNING] - pyrogram.types.messages_and_media.message - Empty messages cannot be copied.
[02-Aug-24 19:34:34 - WARNING] - pyrogram.types.messages_and_media.message - Empty messages cannot be copied.
[02-Aug-24 19:34:50 - WARNING] - pyrogram.types.messages_and_media.message - Empty messages cannot be copied.
[02-Aug-24 19:36:42 - WARNING] - pyrogram.types.messages_and_media.message - Empty messages cannot be copied.
[02-Aug-24 19:36:42 - WARNING] - pyrogram.types.messages_and_media.message - Empty messages cannot be copied.
[02-Aug-24 19:36:43 - WARNING] - pyrogram.types.messages_and_media.message - Empty messages cannot be copied.
[02-Aug-24 19:36:58 - WARNING] - pyrogram.types.messages_and_media.message - Empty messages cannot be copied.
[02-Aug-24 20:17:07 - WARNING] - pyrogram.types.messages_and_media.message - Empty messages cannot be copied.
[02-Aug-24 20:17:07 - WARNING] - pyrogram.types.messages_and_media.message - Empty messages cannot be copied.
[02-Aug-24 20:17:08 - WARNING] - pyrogram.types.messages_and_media.message - Empty messages cannot be copied.
[02-Aug-24 20:17:23 - WARNING] - pyrogram.types.messages_and_media.message - Empty messages cannot be copied.
[02-Aug-24 20:28:41 - WARNING] - pyrogram.types.messages_and_media.message - Empty messages cannot be copied.
[02-Aug-24 20:28:41 - WARNING] - pyrogram.types.messages_and_media.message - Empty messages cannot be copied.
[02-Aug-24 20:28:42 - WARNING] - pyrogram.types.messages_and_media.message - Empty messages cannot be copied.
[02-Aug-24 20:28:57 - WARNING] - pyrogram.types.messages_and_media.message - Empty messages cannot be copied.
[02-Aug-24 20:44:59 - WARNING] - pyrogram.types.messages_and_media.message - Empty messages cannot be copied.
[02-Aug-24 20:44:59 - WARNING] - pyrogram.types.messages_and_media.message - Empty messages cannot be copied.
[02-Aug-24 20:45:00 - WARNING] - pyrogram.types.messages_and_media.message - Empty messages cannot be copied.
[02-Aug-24 20:45:15 - WARNING] - pyrogram.types.messages_and_media.message - Empty messages cannot be copied.
[02-Aug-24 23:20:50 - WARNING] - pyrogram.types.messages_and_media.message - Empty messages cannot be copied.
[02-Aug-24 23:20:50 - WARNING] - pyrogram.types.messages_and_media.message - Empty messages cannot be copied.
[02-Aug-24 23:20:51 - WARNING] - pyrogram.types.messages_and_media.message - Empty messages cannot be copied.
[02-Aug-24 23:21:06 - WARNING] - pyrogram.types.messages_and_media.message - Empty messages cannot be copied.
[03-Aug-24 00:44:12 - WARNING] - pyrogram.types.messages_and_media.message - Empty messages cannot be copied.
[03-Aug-24 00:44:13 - WARNING] - pyrogram.types.messages_and_media.message - Empty messages cannot be copied.
[03-Aug-24 00:44:13 - WARNING] - pyrogram.types.messages_and_media.message - Empty messages cannot be copied.
[03-Aug-24 00:44:29 - WARNING] - pyrogram.types.messages_and_media.message - Empty messages cannot be copied.
[03-Aug-24 03:46:41 - WARNING] - pyrogram.types.messages_and_media.message - Empty messages cannot be copied.
[03-Aug-24 05:53:06 - WARNING] - pyrogram.types.messages_and_media.message - Empty messages cannot be copied.
[03-Aug-24 05:53:06 - WARNING] - pyrogram.types.messages_and_media.message - Empty messages cannot be copied.
[03-Aug-24 05:53:07 - WARNING] - pyrogram.types.messages_and_media.message - Empty messages cannot be copied.
[03-Aug-24 05:53:23 - WARNING] - pyrogram.types.messages_and_media.message - Empty messages cannot be copied.
[03-Aug-24 07:28:06 - WARNING] - pyrogram.types.messages_and_media.message - Empty messages cannot be copied.
[03-Aug-24 07:28:07 - WARNING] - pyrogram.types.messages_and_media.message - Empty messages cannot be copied.
[03-Aug-24 07:28:07 - WARNING] - pyrogram.types.messages_and_media.message - Empty messages cannot be copied.
[03-Aug-24 07:28:23 - WARNING] - pyrogram.types.messages_and_media.message - Empty messages cannot be copied.
[03-Aug-24 07:39:23 - WARNING] - pyrogram.types.messages_and_media.message - Empty messages cannot be copied.
[03-Aug-24 07:39:28 - WARNING] - pyrogram.types.messages_and_media.message - Empty messages cannot be copied.
[03-Aug-24 07:55:44 - WARNING] - pyrogram.types.messages_and_media.message - Empty messages cannot be copied.
[03-Aug-24 07:55:44 - WARNING] - pyrogram.types.messages_and_media.message - Empty messages cannot be copied.
[03-Aug-24 07:55:45 - WARNING] - pyrogram.types.messages_and_media.message - Empty messages cannot be copied.
[03-Aug-24 07:55:45 - WARNING] - pyrogram.types.messages_and_media.message - Empty messages cannot be copied.
[03-Aug-24 07:55:46 - WARNING] - pyrogram.types.messages_and_media.message - Empty messages cannot be copied.
[03-Aug-24 07:55:46 - WARNING] - pyrogram.types.messages_and_media.message - Empty messages cannot be copied.
[03-Aug-24 07:55:47 - WARNING] - pyrogram.types.messages_and_media.message - Empty messages cannot be copied.
[03-Aug-24 08:03:41 - WARNING] - pyrogram.types.messages_and_media.message - Empty messages cannot be copied.
[03-Aug-24 08:36:50 - WARNING] - pyrogram.types.messages_and_media.message - Empty messages cannot be copied.
[03-Aug-24 08:36:50 - WARNING] - pyrogram.types.messages_and_media.message - Empty messages cannot be copied.
[03-Aug-24 08:36:51 - WARNING] - pyrogram.types.messages_and_media.message - Empty messages cannot be copied.
[03-Aug-24 08:37:07 - WARNING] - pyrogram.types.messages_and_media.message - Empty messages cannot be copied.
[03-Aug-24 10:16:07 - WARNING] - pyrogram.types.messages_and_media.message - Empty messages cannot be copied.
[03-Aug-24 10:16:12 - WARNING] - pyrogram.types.messages_and_media.message - Empty messages cannot be copied.
[03-Aug-24 10:34:52 - WARNING] - pyrogram.types.messages_and_media.message - Empty messages cannot be copied.
[03-Aug-24 10:34:52 - WARNING] - pyrogram.types.messages_and_media.message - Empty messages cannot be copied.
[03-Aug-24 10:34:53 - WARNING] - pyrogram.types.messages_and_media.message - Empty messages cannot be copied.
[03-Aug-24 10:34:53 - WARNING] - pyrogram.types.messages_and_media.message - Empty messages cannot be copied.
[03-Aug-24 10:34:54 - WARNING] - pyrogram.types.messages_and_media.message - Empty messages cannot be copied.
[03-Aug-24 10:34:54 - WARNING] - pyrogram.types.messages_and_media.message - Empty messages cannot be copied.
[03-Aug-24 10:34:55 - WARNING] - pyrogram.types.messages_and_media.message - Empty messages cannot be copied.
[03-Aug-24 10:56:02 - WARNING] - pyrogram.types.messages_and_media.message - Empty messages cannot be copied.
[03-Aug-24 10:56:03 - WARNING] - pyrogram.types.messages_and_media.message - Empty messages cannot be copied.
[03-Aug-24 10:56:03 - WARNING] - pyrogram.types.messages_and_media.message - Empty messages cannot be copied.
[03-Aug-24 10:56:20 - WARNING] - pyrogram.types.messages_and_media.message - Empty messages cannot be copied.
[03-Aug-24 11:25:44 - WARNING] - pyrogram.types.messages_and_media.message - Empty messages cannot be copied.
[03-Aug-24 12:38:22 - WARNING] - pyrogram.types.messages_and_media.message - Empty messages cannot be copied.
[03-Aug-24 12:38:23 - WARNING] - pyrogram.types.messages_and_media.message - Empty messages cannot be copied.
[03-Aug-24 12:46:49 - WARNING] - pyrogram.types.messages_and_media.message - Empty messages cannot be copied.
[03-Aug-24 12:47:42 - WARNING] - pyrogram.types.messages_and_media.message - Empty messages cannot be copied.
[03-Aug-24 12:47:42 - WARNING] - pyrogram.types.messages_and_media.message - Empty messages cannot be copied.
[03-Aug-24 12:47:43 - WARNING] - pyrogram.types.messages_and_media.message - Empty messages cannot be copied.
[03-Aug-24 12:47:59 - WARNING] - pyrogram.types.messages_and_media.message - Empty messages cannot be copied.
[03-Aug-24 13:28:02 - WARNING] - pyrogram.types.messages_and_media.message - Empty messages cannot be copied.
[03-Aug-24 13:40:42 - WARNING] - pyrogram.types.messages_and_media.message - Empty messages cannot be copied.
[03-Aug-24 13:40:43 - WARNING] - pyrogram.types.messages_and_media.message - Empty messages cannot be copied.
[03-Aug-24 15:43:28 - WARNING] - pyrogram.types.messages_and_media.message - Empty messages cannot be copied.
[03-Aug-24 15:43:33 - WARNING] - pyrogram.types.messages_and_media.message - Empty messages cannot be copied.
[03-Aug-24 17:31:40 - WARNING] - pyrogram.types.messages_and_media.message - Empty messages cannot be copied.
[03-Aug-24 19:07:55 - WARNING] - pyrogram.types.messages_and_media.message - Empty messages cannot be copied.
[03-Aug-24 19:07:55 - WARNING] - pyrogram.types.messages_and_media.message - Empty messages cannot be copied.
[03-Aug-24 19:34:25 - WARNING] - pyrogram.types.messages_and_media.message - Empty messages cannot be copied.
[03-Aug-24 19:34:26 - WARNING] - pyrogram.types.messages_and_media.message - Empty messages cannot be copied.
[03-Aug-24 19:34:26 - WARNING] - pyrogram.types.messages_and_media.message - Empty messages cannot be copied.
[03-Aug-24 19:34:42 - WARNING] - pyrogram.types.messages_and_media.message - Empty messages cannot be copied.
[03-Aug-24 20:41:50 - WARNING] - pyrogram.types.messages_and_media.message - Empty messages cannot be copied.
[03-Aug-24 20:41:51 - WARNING] - pyrogram.types.messages_and_media.message - Empty messages cannot be copied.
[03-Aug-24 20:41:51 - WARNING] - pyrogram.types.messages_and_media.message - Empty messages cannot be copied.
[03-Aug-24 20:42:07 - WARNING] - pyrogram.types.messages_and_media.message - Empty messages cannot be copied.
[03-Aug-24 20:42:29 - WARNING] - pyrogram.types.messages_and_media.message - Empty messages cannot be copied.
[03-Aug-24 20:42:29 - WARNING] - pyrogram.types.messages_and_media.message - Empty messages cannot be copied.
[03-Aug-24 20:42:30 - WARNING] - pyrogram.types.messages_and_media.message - Empty messages cannot be copied.
[03-Aug-24 20:42:45 - WARNING] - pyrogram.types.messages_and_media.message - Empty messages cannot be copied.
[03-Aug-24 20:52:23 - WARNING] - pyrogram.types.messages_and_media.message - Empty messages cannot be copied.
[03-Aug-24 20:52:23 - WARNING] - pyrogram.types.messages_and_media.message - Empty messages cannot be copied.
[03-Aug-24 20:52:24 - WARNING] - pyrogram.types.messages_and_media.message - Empty messages cannot be copied.
[03-Aug-24 20:52:40 - WARNING] - pyrogram.types.messages_and_media.message - Empty messages cannot be copied.
[03-Aug-24 20:53:13 - WARNING] - pyrogram.types.messages_and_media.message - Empty messages cannot be copied.
[03-Aug-24 20:53:14 - WARNING] - pyrogram.types.messages_and_media.message - Empty messages cannot be copied.
[04-Aug-24 00:54:42 - WARNING] - pyrogram.types.messages_and_media.message - Empty messages cannot be copied.
[04-Aug-24 00:54:42 - WARNING] - pyrogram.types.messages_and_media.message - Empty messages cannot be copied.
[04-Aug-24 00:54:43 - WARNING] - pyrogram.types.messages_and_media.message - Empty messages cannot be copied.
[04-Aug-24 00:54:58 - WARNING] - pyrogram.types.messages_and_media.message - Empty messages cannot be copied.
[04-Aug-24 00:55:17 - WARNING] - pyrogram.types.messages_and_media.message - Empty messages cannot be copied.
[04-Aug-24 00:55:22 - WARNING] - pyrogram.types.messages_and_media.message - Empty messages cannot be copied.
[04-Aug-24 01:35:36 - WARNING] - pyrogram.types.messages_and_media.message - Empty messages cannot be copied.
[04-Aug-24 01:38:06 - WARNING] - pyrogram.types.messages_and_media.message - Empty messages cannot be copied.
[04-Aug-24 01:59:09 - WARNING] - pyrogram.types.messages_and_media.message - Empty messages cannot be copied.
[04-Aug-24 02:52:18 - WARNING] - pyrogram.types.messages_and_media.message - Empty messages cannot be copied.
[04-Aug-24 02:52:18 - WARNING] - pyrogram.types.messages_and_media.message - Empty messages cannot be copied.
[04-Aug-24 02:52:19 - WARNING] - pyrogram.types.messages_and_media.message - Empty messages cannot be copied.
[04-Aug-24 02:52:35 - WARNING] - pyrogram.types.messages_and_media.message - Empty messages cannot be copied.
[04-Aug-24 03:02:18 - WARNING] - pyrogram.types.messages_and_media.message - Empty messages cannot be copied.
[04-Aug-24 03:02:23 - WARNING] - pyrogram.types.messages_and_media.message - Empty messages cannot be copied.
[04-Aug-24 07:31:18 - WARNING] - pyrogram.types.messages_and_media.message - Empty messages cannot be copied.
[04-Aug-24 07:31:23 - WARNING] - pyrogram.types.messages_and_media.message - Empty messages cannot be copied.
[04-Aug-24 07:52:39 - WARNING] - pyrogram.types.messages_and_media.message - Empty messages cannot be copied.
[04-Aug-24 07:52:40 - WARNING] - pyrogram.types.messages_and_media.message - Empty messages cannot be copied.
[04-Aug-24 07:52:40 - WARNING] - pyrogram.types.messages_and_media.message - Empty messages cannot be copied.
[04-Aug-24 07:52:56 - WARNING] - pyrogram.types.messages_and_media.message - Empty messages cannot be copied.
[04-Aug-24 09:11:49 - WARNING] - pyrogram.types.messages_and_media.message - Empty messages cannot be copied.
[04-Aug-24 11:20:28 - WARNING] - pyrogram.types.messages_and_media.message - Empty messages cannot be copied.
[04-Aug-24 13:11:16 - WARNING] - pyrogram.types.messages_and_media.message - Empty messages cannot be copied.
[04-Aug-24 13:11:17 - WARNING] - pyrogram.types.messages_and_media.message - Empty messages cannot be copied.
[04-Aug-24 13:11:17 - WARNING] - pyrogram.types.messages_and_media.message - Empty messages cannot be copied.
[04-Aug-24 13:11:33 - WARNING] - pyrogram.types.messages_and_media.message - Empty messages cannot be copied.
[04-Aug-24 18:43:03 - WARNING] - pyrogram.types.messages_and_media.message - Empty messages cannot be copied.
[04-Aug-24 18:43:08 - WARNING] - pyrogram.types.messages_and_media.message - Empty messages cannot be copied.
[04-Aug-24 18:54:31 - WARNING] - pyrogram.types.messages_and_media.message - Empty messages cannot be copied.
[04-Aug-24 18:54:31 - WARNING] - pyrogram.types.messages_and_media.message - Empty messages cannot be copied.
[04-Aug-24 18:54:32 - WARNING] - pyrogram.types.messages_and_media.message - Empty messages cannot be copied.
[04-Aug-24 18:54:32 - WARNING] - pyrogram.types.messages_and_media.message - Empty messages cannot be copied.
[04-Aug-24 18:54:33 - WARNING] - pyrogram.types.messages_and_media.message - Empty messages cannot be copied.
[04-Aug-24 18:54:33 - WARNING] - pyrogram.types.messages_and_media.message - Empty messages cannot be copied.
[04-Aug-24 18:54:34 - WARNING] - pyrogram.types.messages_and_media.message - Empty messages cannot be copied.
[04-Aug-24 18:54:34 - WARNING] - pyrogram.types.messages_and_media.message - Empty messages cannot be copied.
[04-Aug-24 18:54:35 - WARNING] - pyrogram.types.messages_and_media.message - Empty messages cannot be copied.
[04-Aug-24 18:54:35 - WARNING] - pyrogram.types.messages_and_media.message - Empty messages cannot be copied.
[04-Aug-24 18:54:36 - WARNING] - pyrogram.types.messages_and_media.message - Empty messages cannot be copied.
[04-Aug-24 18:54:36 - WARNING] - pyrogram.types.messages_and_media.message - Empty messages cannot be copied.
[04-Aug-24 19:07:40 - WARNING] - pyrogram.types.messages_and_media.message - Empty messages cannot be copied.
[04-Aug-24 19:07:41 - WARNING] - pyrogram.types.messages_and_media.message - Empty messages cannot be copied.
[04-Aug-24 19:07:41 - WARNING] - pyrogram.types.messages_and_media.message - Empty messages cannot be copied.
[04-Aug-24 19:07:42 - WARNING] - pyrogram.types.messages_and_media.message - Empty messages cannot be copied.
[04-Aug-24 19:07:42 - WARNING] - pyrogram.types.messages_and_media.message - Empty messages cannot be copied.
[04-Aug-24 19:07:43 - WARNING] - pyrogram.types.messages_and_media.message - Empty messages cannot be copied.
[04-Aug-24 19:07:43 - WARNING] - pyrogram.types.messages_and_media.message - Empty messages cannot be copied.
[04-Aug-24 19:11:11 - WARNING] - pyrogram.types.messages_and_media.message - Empty messages cannot be copied.
[04-Aug-24 20:47:12 - WARNING] - pyrogram.types.messages_and_media.message - Empty messages cannot be copied.
[04-Aug-24 21:00:41 - WARNING] - pyrogram.types.messages_and_media.message - Empty messages cannot be copied.
[04-Aug-24 22:09:06 - WARNING] - pyrogram.types.messages_and_media.message - Empty messages cannot be copied.
[04-Aug-24 22:09:06 - WARNING] - pyrogram.types.messages_and_media.message - Empty messages cannot be copied.
[04-Aug-24 22:09:07 - WARNING] - pyrogram.types.messages_and_media.message - Empty messages cannot be copied.
[04-Aug-24 22:09:22 - WARNING] - pyrogram.types.messages_and_media.message - Empty messages cannot be copied.
[04-Aug-24 22:14:21 - WARNING] - pyrogram.types.messages_and_media.message - Empty messages cannot be copied.
[04-Aug-24 22:14:26 - WARNING] - pyrogram.types.messages_and_media.message - Empty messages cannot be copied.
[05-Aug-24 03:26:52 - WARNING] - pyrogram.types.messages_and_media.message - Empty messages cannot be copied.
[05-Aug-24 03:26:52 - WARNING] - pyrogram.types.messages_and_media.message - Empty messages cannot be copied.
[05-Aug-24 03:26:53 - WARNING] - pyrogram.types.messages_and_media.message - Empty messages cannot be copied.
[05-Aug-24 03:27:08 - WARNING] - pyrogram.types.messages_and_media.message - Empty messages cannot be copied.
[05-Aug-24 03:37:18 - WARNING] - pyrogram.types.messages_and_media.message - Empty messages cannot be copied.
[05-Aug-24 03:37:23 - WARNING] - pyrogram.types.messages_and_media.message - Empty messages cannot be copied.
